Songname	Artist
Piano Piece n8	Haydn
Symphony n76 2	Haydn
Symphony n104 2 ''London''	Haydn
Symphony n96 4 ''Miracle''	Haydn
Symphony n85 ''La reine''	Haydn
12 Menuets HobIX8	Haydn
Piano Piece n3	Haydn
Symphony n88 4	Haydn
Piano Piece n9	Haydn
Symphony n88 1	Haydn
Piano Piece n1	Haydn
Symphony n101 2 ''Clock''	Haydn
Symphony n90 3	Haydn
Symphony n88 2	Haydn
Piano Piece n2	Haydn
Symphony n76 4	Haydn
Symphony n25 K183 3	Haydn
Symphony n104 1 ''London''	Haydn
Symphony n28 1	Haydn
Symphony n96 3 ''Miracle''	Haydn
Capriccio	Haydn
Symphony n70 1	Haydn
Symphony n25 K183 2	Haydn
Symphony n101 1 ''Clock''	Haydn
Symphony n45 4 ''Farewell''	Haydn
Symphony n88 3	Haydn
Piano Piece n6	Haydn
Symphony n76 3	Haydn
Symphony n101 4 ''Clock''	Haydn
Piano Piece n4	Haydn
Symphony n25 K183 4	Haydn
Piano Piece n5	Haydn
Symphony n96 2 ''Miracle''	Haydn
Symphony n101 3 ''Clock''	Haydn
Symphony n55 3 ''Der Schulmeister''	Haydn
Symphony n96 1 ''Miracle''	Haydn
Symphony n55 4 ''Der Schulmeister''	Haydn
Symphony n76 1	Haydn
Symphony n45 1 ''Farewell''	Haydn
Symphony n55 2 ''Der Schulmeister''	Haydn
20 Variations for Keyboard HobXVII2	Haydn
Symphony n104 3 ''London''	Haydn
Symphony n90 1	Haydn
12 Menuets HobIX3	Haydn
Symphony n90 4	Haydn
Piano Piece n7	Haydn
Symphony n104 4 ''London''	Haydn
Symphony n55 1 ''Der Schulmeister''	Haydn
Piano Piece n10	Haydn
Nueva carpeta	Haydn
Nueva carpeta	Haydn
Nueva carpeta	Haydn
Nueva carpeta	Haydn
Nueva carpeta	Haydn
Nueva carpeta	Haydn
Nueva carpeta	Haydn
Nueva carpeta	Haydn
Nueva carpeta	Haydn
Nueva carpeta	Haydn
Nueva carpeta	Haydn
Nueva carpeta	Haydn
Nueva carpeta	Haydn
Nueva carpeta	Haydn
Nueva carpeta	Haydn
Nueva carpeta	Haydn
Nueva carpeta	Haydn
Nueva carpeta	Haydn
Nueva carpeta	Haydn
Nueva carpeta	Haydn
Nueva carpeta	Haydn
Nueva carpeta	Haydn
Nueva carpeta	Haydn
Nueva carpeta	Haydn
Nueva carpeta	Haydn
Nueva carpeta	Haydn
Nueva carpeta	Haydn
Nueva carpeta	Haydn
Nueva carpeta	Haydn
Nueva carpeta	Haydn
Nueva carpeta	Haydn
Nueva carpeta	Haydn
Nueva carpeta	Haydn
Nueva carpeta	Haydn
Nueva carpeta	Haydn
Nueva carpeta	Haydn
Symphony n1 1	Beethoven
Symphony n1 3	Beethoven
Piano Concerto n1 op15 2	Beethoven
Hess057 Bagatella	Beethoven
Lieder op48 n5 ''Gottes Macht Und Vorsehung''	Beethoven
Symphony n2 op36 2	Beethoven
Lieder op48 n6 ''Busslied''	Beethoven
Lieder op99 ''Der Mann Von Wort''	Beethoven
Piano Concerto n2 op19 2	Beethoven
WoO082 Menuet	Beethoven
String Quartet n2 op18 n2 4	Beethoven
Symphony n1 4	Beethoven
Lieder op82 n1 ''Dimmi Den Mio Che Mi Ami''	Beethoven
op051 3 Rondos	Beethoven
Symphony n2 op36 3	Beethoven
Anhang 14-3	Beethoven
Bagatella op33 n1	Beethoven
Lieder op48 n2 ''Die Liebe Des Nachsten''	Beethoven
Sonatina Fa maj woo	Beethoven
Piano Concerto n5 op73 1 ''Emperor''	Beethoven
Overture ''Leonore'' n2 op72	Beethoven
Sonatina n1 op05	Beethoven
Hess063 keyb Kaplied	Beethoven
Minuetto	Beethoven
Sketch for Piano Alla Marcia	Beethoven
Piano Concerto n4 op58 3	Beethoven
Lieder op48 n3 ''Vom Tode''	Beethoven
Preludes 2 Through Major keys 39	Beethoven
Overture ''Leonore'' n3 op72	Beethoven
op119 Douze Bagatellas	Beethoven
WoO061 Mouvement Pour Piano	Beethoven
String Quartet n1 op18 4	Beethoven
Piano Concerto n3 op37 1	Beethoven
WoO061a Mouvement Pour Piano	Beethoven
Symphony n2 op36 1	Beethoven
Hess073 Bagatella	Beethoven
Lieder op46 ''Adelaide''	Beethoven
Sketch for Piano Allegro	Beethoven
Anh06 Rondo	Beethoven
Bagatella op33 n3	Beethoven
Overture ''Fidelio'' op72b	Beethoven
Overture ''Inauguration of the House'' op214	Beethoven
Symphony n2 op36 4	Beethoven
String Quartet n1 op18 2	Beethoven
Bagatella Fur Elise	Beethoven
Piano Concerto n1 op15 3	Beethoven
String Quartet n2 op18 n2 1	Beethoven
Hess059 Exercizio Per Pianoforte	Beethoven
WoO081 Allemande	Beethoven
Overture ''Egmont''	Beethoven
Opus045 Three Grandes Marches	Beethoven
Piano Concerto n4 op58 1	Beethoven
Bagatella op33 n2	Beethoven
Bagatella op33 n4	Beethoven
Lieder op48 n1 ''Bitten''	Beethoven
String Quartet n16 op135 4	Beethoven
WoO060 Mouvement Pour Piano	Beethoven
Overture ''Creatures Of Prometeus'' op43	Beethoven
WoO010 Six Menuets for Orchestra	Beethoven
Bagatella op33 n5	Beethoven
Lieder op48 n4 ''Die Ehre Gottes Aus Der Natur''	Beethoven
HessA21 Bagatella	Beethoven
Hess061 Anglaise	Beethoven
String Quartet n16 op135 3	Beethoven
Violin Concerto op61 1	Beethoven
Hess074 Bagatella	Beethoven
String Quartet n1 op18 1	Beethoven
Sketch for Piano Allegretto	Beethoven
WoO086 Scotish	Beethoven
Violin Concerto op61 2-3s	Beethoven
Sketch for Piano Presto	Beethoven
WoO051 Sonatina 1-2 s	Beethoven
Sonatina In C	Beethoven
Symphony n1 2	Beethoven
Overture ''King Stephen''	Beethoven
WoO054 Lustig Traurig	Beethoven
Sonata for Piano & Cello n2 op05	Beethoven
op077 Fantaisie	Beethoven
String Quartet n16 op135 1	Beethoven
Sonatina WoO050	Beethoven
Anh08Nb1 Gavotte 4 hands	Beethoven
WoO056 Bagatella	Beethoven
op126 Six Bagatellas	Beethoven
WoO049 Rondo	Beethoven
Sonatina op33 4	Beethoven
Piano Concerto n3 op37 2	Beethoven
WoO052 Bagatella	Beethoven
Bagatella op33 n6	Beethoven
Piano Concerto n4 op58 2	Beethoven
Sketch for Piano Allegro Giocoso	Beethoven
WoO055 Prelude	Beethoven
Piano Concerto n3 op37 3	Beethoven
Overture ''Corolian'' op62	Beethoven
WoO048 Rondo	Beethoven
op089 Polonaise	Beethoven
Piano Concerto n1 op15 1	Beethoven
String Quartet n2 op18 n2 2	Beethoven
String Quartet n2 op18 n2 3	Beethoven
Overture ''Leonore'' op138 n1	Beethoven
Piano Concerto n5 op73 2-3 ''Emperor''	Beethoven
String Quartet n16 op135 2	Beethoven
Piano Concerto n2 op19 1	Beethoven
WoO083 Six Escotish Dances for Piano	Beethoven
String Quartet n1 op18 3	Beethoven
Piano Concerto n2 op19 3	Beethoven
Symphonies	Beethoven
Symphonies	Beethoven
Symphonies	Beethoven
Symphonies	Beethoven
Symphonies	Beethoven
Symphonies	Beethoven
Symphonies	Beethoven
Symphonies	Beethoven
Symphonies	Beethoven
Symphonies	Beethoven
Symphonies	Beethoven
Symphonies	Beethoven
Symphonies	Beethoven
Symphonies	Beethoven
Symphonies	Beethoven
Symphonies	Beethoven
Symphonies	Beethoven
Symphonies	Beethoven
Symphonies	Beethoven
Symphonies	Beethoven
Symphonies	Beethoven
Symphonies	Beethoven
Symphonies	Beethoven
Symphonies	Beethoven
Symphonies	Beethoven
Symphonies	Beethoven
Symphonies	Beethoven
Symphonies	Beethoven
Symphonies	Beethoven
Symphonies	Beethoven
Symphonies	Beethoven
Symphonies	Beethoven
Symphonies	Beethoven
Symphonies	Beethoven
Piano Sonatas	Beethoven
Piano Sonatas	Beethoven
Piano Sonatas	Beethoven
Piano Sonatas	Beethoven
Piano Sonatas	Beethoven
Piano Sonatas	Beethoven
Piano Sonatas	Beethoven
Piano Sonatas	Beethoven
Piano Sonatas	Beethoven
Piano Sonatas	Beethoven
Piano Sonatas	Beethoven
Piano Sonatas	Beethoven
Piano Sonatas	Beethoven
Piano Sonatas	Beethoven
Piano Sonatas	Beethoven
Piano Sonatas	Beethoven
Piano Sonatas	Beethoven
Piano Sonatas	Beethoven
Piano Sonatas	Beethoven
Piano Sonatas	Beethoven
Piano Sonatas	Beethoven
Piano Sonatas	Beethoven
Piano Sonatas	Beethoven
Piano Sonatas	Beethoven
Piano Sonatas	Beethoven
Piano Sonatas	Beethoven
Piano Sonatas	Beethoven
Piano Sonatas	Beethoven
Piano Sonatas	Beethoven
Piano Sonatas	Beethoven
Piano Sonatas	Beethoven
Piano Sonatas	Beethoven
Piano Sonatas	Beethoven
Piano Sonatas	Beethoven
Piano Sonatas	Beethoven
Piano Sonatas	Beethoven
Piano Sonatas	Beethoven
Piano Sonatas	Beethoven
Piano Sonatas	Beethoven
Piano Sonatas	Beethoven
Piano Sonatas	Beethoven
Piano Sonatas	Beethoven
Piano Sonatas	Beethoven
Piano Sonatas	Beethoven
Piano Sonatas	Beethoven
K492 Overture ''Le Nozze di Figaro''	Mozart
Sonatina n3 2	Mozart
K317 Coronation Mass 4	Mozart
Symphony n28 K200 2	Mozart
Symphony n28 K200 1	Mozart
K314 Flute Concerto n2 2	Mozart
Symphony n29 K201 1	Mozart
K626 Requiem 03 tuba mirum	Mozart
K317 Coronation Mass 5	Mozart
K393 Solfeggi n1	Mozart
K02 Minuet in F	Mozart
K401 Fuga in G minor 	Mozart
Symphony n41 K551 2 ''Jupiter''	Mozart
K626 Requiem 09 hostias	Mozart
Symphony n36 K425 2 ''Linz''	Mozart
Symphony n22 K162 3	Mozart
K495 Horn Concerto n4 1	Mozart
K617 Adagio	Mozart
Viennese Sonatinas K439b n2 4	Mozart
K626 Requiem 02 rextremendae	Mozart
K317 Coronation Mass 1	Mozart
K626 Requiem 07 Lacrimosa	Mozart
K626 Requiem 06 confutatis	Mozart
Symphony n39 K543 1	Mozart
Symphony n41 K551 1 ''Jupiter''	Mozart
K626 Requiem 08 offertorio domine jesu	Mozart
K626 Requiem 04 Dies Irae	Mozart
K191 Bassoon Concerto 1	Mozart
K626 Requiem 11 Benedictus	Mozart
K527 Overture ''Don Giovanni''	Mozart
K191 Bassoon Concerto 2	Mozart
K525 Serenade 1 ''Eine Kleine Natchmusik''	Mozart
K495 Horn Concerto n4 2	Mozart
K299 Flute Harp Concerto 1	Mozart
Viennese Sonatinas K439b n6 1	Mozart
Viennese Sonatinas K439b n6 2	Mozart
Symphony n39 K543 2	Mozart
K393 Solfeggi n4	Mozart
K317 Coronation Mass 2	Mozart
K626 Requiem 01 Introitus & Kyrie	Mozart
K501 Andante with 5 Variations for Piano Duet	Mozart
K04 Minuet in F	Mozart
Symphony n29 K201 4	Mozart
K626 Requiem 12 agnus dei	Mozart
K398 Piano Variations ''Salve Tu Domine''	Mozart
Symphony n25 K183 1	Mozart
Symphony n39 K543 3	Mozart
Symphony n4 K19 3	Mozart
Vesperae solemnes de confessore ''Vespers'' K339 1 Dixit Dominus	Mozart
K361 Serenade n10 3	Mozart
K136 Divertimento 2	Mozart
K626 Requiem kyrie	Mozart
K314 Flute Concerto n2 3	Mozart
K117 Offertorio Jubilate Deo	Mozart
K335 Laudate Dominus	Mozart
K03 Allegro in Bb	Mozart
Viennese Sonatinas K439b n2 3	Mozart
Contradance n1	Mozart
K546 Adagio & Fugue for Strings	Mozart
K299 Flute Harp Concerto 2	Mozart
Symphony n30 K202 3	Mozart
Contradance n2	Mozart
K299 Flute Harp Concerto 3	Mozart
K573 9 Variations for Piano Uber Duport	Mozart
K525 Serenade 4 ''Eine Kleine Natchmusik''	Mozart
K136 Divertimento 1	Mozart
Symphony n36 K425 3 ''Linz''	Mozart
K317 Coronation Mass 3	Mozart
K427 Great Mass 1	Mozart
Symphony n29 K201 2	Mozart
K525 Serenade 3 ''Eine Kleine Natchmusik''	Mozart
K191 Bassoon Concerto 3	Mozart
Viennese Sonatinas K439b n2 1	Mozart
K339 Vesperae solemnes de confessore (Vespers) 1 Dixit Dominus	Mozart
Sonatina n21 3	Mozart
Sonatina n3 1	Mozart
Symphony n22 K162 1	Mozart
Symphony n36 K425 4 ''Linz''	Mozart
K317 Coronation Mass 6	Mozart
Symphony n41 K551 4 ''Jupiter''	Mozart
Symphony n28 K200 4	Mozart
K626 Requiem 05 Recordare	Mozart
K393 Solfeggi n5	Mozart
K622 Clarinet Concerto 3	Mozart
Contradance n3	Mozart
K393 Solfeggi n2	Mozart
K393 Solfeggi n3	Mozart
K525 Serenade 2 ''Eine Kleine Natchmusik''	Mozart
Sonatina n3 3	Mozart
K136 Divertimento 3	Mozart
K618 Ave Verum Corpus	Mozart
Symphony n28 K200 3	Mozart
Symphony n30 K202 2	Mozart
Symphony n41 K551 3 ''Jupiter''	Mozart
K626 Requiem 10 Sanctus	Mozart
Symphony n36 K425 1 ''Linz''	Mozart
K622 Clarinet Concerto 1	Mozart
K622 Clarinet Concerto 2	Mozart
Viennese Sonatinas K439b n2 2	Mozart
K608 Fantasia for Mechanical Organ	Mozart
Symphony n30 K202 4	Mozart
K620 Overture The Magic Flute	Mozart
Sonatina n22 4	Mozart
Symphony n39 K543 4	Mozart
K314 Flute Concerto n2 1	Mozart
K495 Horn Concerto n4 3	Mozart
K354 Piano Variations ''Je Suis Lindor''	Mozart
K05 Minuet for Harpsichord	Mozart
Symphony n4 K019 1	Mozart
K594 Adagio & Allegro for Mechanical Organ	Mozart
Symphony n30 K202 1	Mozart
Symphonies	Mozart
Symphonies	Mozart
Symphonies	Mozart
Symphonies	Mozart
Symphonies	Mozart
Symphonies	Mozart
Symphonies	Mozart
Symphonies	Mozart
Symphonies	Mozart
Symphonies	Mozart
Symphonies	Mozart
Symphonies	Mozart
Symphonies	Mozart
Symphonies	Mozart
Symphonies	Mozart
Symphonies	Mozart
Symphonies	Mozart
Symphonies	Mozart
Symphonies	Mozart
Symphonies	Mozart
Symphonies	Mozart
Symphonies	Mozart
Symphonies	Mozart
Symphonies	Mozart
Symphonies	Mozart
Symphonies	Mozart
Symphonies	Mozart
Symphonies	Mozart
Symphonies	Mozart
Symphonies	Mozart
Symphonies	Mozart
Symphonies	Mozart
Symphonies	Mozart
Symphonies	Mozart
Symphonies	Mozart
Symphonies	Mozart
Symphonies	Mozart
Symphonies	Mozart
Symphonies	Mozart
Symphonies	Mozart
Symphonies	Mozart
Symphonies	Mozart
Symphonies	Mozart
Symphonies	Mozart
Symphonies	Mozart
Symphonies	Mozart
Symphonies	Mozart
Symphonies	Mozart
Symphonies	Mozart
Symphonies	Mozart
Symphonies	Mozart
Symphonies	Mozart
Symphonies	Mozart
Symphonies	Mozart
Piano Concertos	Mozart
Piano Concertos	Mozart
Piano Concertos	Mozart
Piano Concertos	Mozart
Piano Concertos	Mozart
Piano Concertos	Mozart
Piano Concertos	Mozart
Piano Concertos	Mozart
Piano Concertos	Mozart
Piano Concertos	Mozart
Piano Concertos	Mozart
Piano Concertos	Mozart
Piano Concertos	Mozart
Piano Concertos	Mozart
Piano Concertos	Mozart
Piano Concertos	Mozart
Piano Concertos	Mozart
Piano Concertos	Mozart
Piano Concertos	Mozart
Piano Concertos	Mozart
Piano Concertos	Mozart
Piano Concertos	Mozart
Piano Concertos	Mozart
Piano Concertos	Mozart
Piano Concertos	Mozart
Piano Concertos	Mozart
Piano Concertos	Mozart
Piano Concertos	Mozart
Piano Concertos	Mozart
Piano Concertos	Mozart
Piano Concertos	Mozart
Piano Concertos	Mozart
Piano Concertos	Mozart
Piano Concertos	Mozart
Piano Concertos	Mozart
Piano Concertos	Mozart
The Chelsea Notebook	Mozart
The Chelsea Notebook	Mozart
The Chelsea Notebook	Mozart
The Chelsea Notebook	Mozart
The Chelsea Notebook	Mozart
The Chelsea Notebook	Mozart
The Chelsea Notebook	Mozart
The Chelsea Notebook	Mozart
The Chelsea Notebook	Mozart
The Chelsea Notebook	Mozart
The Chelsea Notebook	Mozart
The Chelsea Notebook	Mozart
The Chelsea Notebook	Mozart
The Chelsea Notebook	Mozart
The Chelsea Notebook	Mozart
The Chelsea Notebook	Mozart
The Chelsea Notebook	Mozart
The Chelsea Notebook	Mozart
The Chelsea Notebook	Mozart
The Chelsea Notebook	Mozart
Piano Sonatas	Mozart
Piano Sonatas	Mozart
Piano Sonatas	Mozart
Piano Sonatas	Mozart
Piano Sonatas	Mozart
Piano Sonatas	Mozart
Piano Sonatas	Mozart
Piano Sonatas	Mozart
Piano Sonatas	Mozart
Piano Sonatas	Mozart
Piano Sonatas	Mozart
Piano Sonatas	Mozart
Piano Sonatas	Mozart
Piano Sonatas	Mozart
Piano Sonatas	Mozart
Piano Sonatas	Mozart
Piano Sonatas	Mozart
Piano Sonatas	Mozart
Piano Sonatas	Mozart
Piano Sonatas	Mozart
Piano Sonatas	Mozart
Piano Sonatas	Mozart
Piano Sonatas	Mozart
Piano Sonatas	Mozart
Piano Sonatas	Mozart
Piano Sonatas	Mozart
Piano Sonatas	Mozart
Piano Sonatas	Mozart
Piano Sonatas	Mozart
Piano Sonatas	Mozart
Piano Sonatas	Mozart
Piano Sonatas	Mozart
Piano Sonatas	Mozart
Piano Sonatas	Mozart
Piano Sonatas	Mozart
Piano Sonatas	Mozart
Piano Sonatas	Mozart
Piano Sonatas	Mozart
Piano Sonatas	Mozart
Piano Sonatas	Mozart
Piano Sonatas	Mozart
Piano Sonatas	Mozart
Piano Sonatas	Mozart
Piano Sonatas	Mozart
Piano Sonatas	Mozart
Piano Sonatas	Mozart
Piano Sonatas	Mozart
Piano Sonatas	Mozart
Piano Sonatas	Mozart
Piano Sonatas	Mozart
Piano Sonatas	Mozart
Piano Sonatas	Mozart
Piano Sonatas	Mozart
Piano Sonatas	Mozart
Piano Sonatas	Mozart
Piano Sonatas	Mozart
Piano Sonatas	Mozart
Midsummer Night Dream 05	Mendelssohn
Midsummer Night Dream 09	Mendelssohn
Allegro n1	Mendelssohn
Violin Concerto op63	Mendelssohn
Organ Sonata n5	Mendelssohn
Prelude	Mendelssohn
Andante	Mendelssohn
Ostinato	Mendelssohn
Andante alla marcia	Mendelssohn
Symphony op56 n3 2 ''Scottish''	Mendelssohn
Piano Concerto n1 in op25 3	Mendelssohn
Midsummer Night Dream 04 Song with Chorus	Mendelssohn
Midsummer Night Dream 03	Mendelssohn
Allegro n2	Mendelssohn
Organ Sonata n1	Mendelssohn
Midsummer Night Dream 02 Scherzo	Mendelssohn
Midsummer Night Dream 12 ''Dance Of Clowns''	Mendelssohn
Midsummer Night Dream 08 ''Nocturne''	Mendelssohn
Fantaisie and Fugue	Mendelssohn
Prelude 2	Mendelssohn
Piano Concerto n1 in op25 1	Mendelssohn
Organ Sonata n4	Mendelssohn
Organ Sonata n3	Mendelssohn
'Lieder ohne Worte' Book 2 op30 n3	Mendelssohn
Midsummer Night Dream 01 Overture	Mendelssohn
Songs Without Words op62 n3	Mendelssohn
Midsummer Night Dream 10 ''Wedding march''	Mendelssohn
Prelude and Fugue n3	Mendelssohn
Midsummer Night Dream 07	Mendelssohn
Midsummer Night Dream 15	Mendelssohn
piano wedding march	Mendelssohn
Allegro Moderato	Mendelssohn
Allegro Brillant for Piano 4-hands op92	Mendelssohn
'Lieder ohne Worte' Book 1 op1 n1	Mendelssohn
Songs Without Words op30 n1	Mendelssohn
Symphony op107 n5 3 ''Reformation''	Mendelssohn
Songs Without Words op62 n5	Mendelssohn
Symphony op107 n5 1 ''Reformation''	Mendelssohn
Songs Without Words op53 n5	Mendelssohn
Variations serieuses op54	Mendelssohn
Songs Without Words op62 n4	Mendelssohn
Symphony op90 n4 1 ''Italian''	Mendelssohn
Symphony op90 n4 2 ''Italian''	Mendelssohn
Choral 4	Mendelssohn
Symphony op56 n3 1 ''Scottish''	Mendelssohn
Nachtspiel	Mendelssohn
Midsummer Night Dream 14	Mendelssohn
Organ Sonata n2	Mendelssohn
Prelude and Fugue n2	Mendelssohn
Organ Sonata n6	Mendelssohn
Symphony op56 n3 4 ''Scottish''	Mendelssohn
Midsummer Night Dream 06	Mendelssohn
Symphony op56 n3 3 ''Scottish''	Mendelssohn
Symphony op90 n4 4 ''Italian''	Mendelssohn
Midsummer Night Dream 11 	Mendelssohn
Bwv0547 Prelude and Fugue	Bach
Bwv0911 Toccata	Bach
Bwv0815 French Suite n4	Bach
Bwv0915 Toccata	Bach
Bwv0967 Sonata	Bach
Bwv0936 Little Prelude n4	Bach
Bwv0536 Prelude and Fugue	Bach
Bwv0566 Prelude and Fugue	Bach
Bwv0997 Partita for Lute 4	Bach
Bwv0559 Short Prelude and Fugue n7 (Spurious)	Bach
Bwv0997 Partita for Lute 1	Bach
Bwv0916 Toccata	Bach
Bwv0564 Toccata Adagio and Fugue	Bach
Bwv0817 French Suite n6	Bach
Bwv1046 aSinfonia h	Bach
Bwv0532 Toccata and Fugue	Bach
Bwv0935 Little Prelude n3	Bach
Bwv0555 Short Prelude and Fugue n3 (Spurious)	Bach
Bwv0997 Partita for Lute 5	Bach
Bwv0535 Prelude and Fugue	Bach
Bwv0526 Sonate en trio n2	Bach
Bwv0549 Prelude and Fugue	Bach
Bwv0551 Prelude and Fugue	Bach
Bwv1014 Harpsicord and Violin Sonata 2	Bach
Bwv0806 English Suite n1 03 	Bach
Bwv0542 Fantasia and Fugue	Bach
Bwv0539 Prelude and Fugue	Bach
Bwv0540 Toccata and Fugue	Bach
Bwv0806 English Suite n1 10 	Bach
Bwv0816 French Suite n5	Bach
Bwv0552 Prelude and Fugue ''St	Bach
Bwv0811 English Suite n6 2	Bach
Bwv1005 Violin Sonata n3 1 Adagio	Bach
Bwv0811 English Suite n6 5	Bach
Bwv0560 Short Prelude and Fugue n8 (Spurious)	Bach
Bwv0572 Fantasia	Bach
Bwv0806 English Suite n1 07 	Bach
Bwv0906 Fantasia and Fugue	Bach
Bwv0582 Passacaglia and Fugue	Bach
Bwv1014 Harpsicord and Violin Sonata 4	Bach
Bwv0937 Little Prelude n5	Bach
Jesu Joy of Man Desiring	Bach
Bwv0806 English Suite n1 04 	Bach
Bwv0533 Prelude and Fugue	Bach
Bwv1005 Violin Sonata n3 3 Largo	Bach
Bwv0528 Sonate en trio n4	Bach
Bwv0570 Fantasia	Bach
Bwv0811 English Suite n6 1	Bach
Bwv0541 Prelude and Fugue	Bach
Bwv0811 English Suite n6 8	Bach
Bwv0525 Sonate en trio n1	Bach
Bwv0963 Sonata	Bach
Bwv0537 Fantasia and Fugue	Bach
Bwv0529 Sonate en trio n5	Bach
Bwv0544 Prelude and Fugue	Bach
Bwv0806 English Suite n1 06 	Bach
Bwv0998 Prelude Fugue Allegro for Lute 1	Bach
Bwv0913 Toccata	Bach
Bwv0568 Prelude	Bach
Bwv0565 Toccata and Fugue In Dm A	Bach
Bwv0556 Short Prelude and Fugue n4 (Spurious)	Bach
Bwv0527 Sonate en trio n3	Bach
Bwv0806 English Suite n1 05	Bach
Bwv0530 Sonate en trio n6	Bach
Bwv0811 English Suite n6 4	Bach
Bwv0910 Toccata	Bach
Bwv0565 Toccata and Fugue In Dm C	Bach
Bwv0806 English Suite n1 08 	Bach
Bwv0733 Fuga Sopra Magnificat	Bach
Bwv0558 Short Prelude and Fugue n6 (Spurious)	Bach
Bwv0912 Toccata	Bach
Bwv0811 English Suite n6 3	Bach
Bwv0992 Capriccio	Bach
Bwv0561 Fantasie and Fuga	Bach
Prelude from Sonata n6	Bach
Bwv0934 Little Prelude n2	Bach
Bwv0811 English Suite n6 6	Bach
Bwv0550 Prelude and Fugue	Bach
Bwv0563 Fantasie con imitation	Bach
Bwv1014 Harpsicord and Violin Sonata 1	Bach
Bwv0998 Prelude Fugue Allegro for Lute 2	Bach
Bwv1005 Violin Sonata n3 4 Allegro	Bach
Bwv0565 Toccata and Fugue In Dm B	Bach
Bwv0933 Little Prelude n1	Bach
Bwv0593 Vivaldi Concerto Arrangement RV522	Bach
Bwv0996 Suite for Lute	Bach
Bwv802 Four Inventions (Duettos) Clavier-Ãœbung III n1	Bach
Bwv0998 Prelude Fugue Allegro for Lute 3	Bach
Bwv0594 Vivaldi Concerto Arrangement RV208	Bach
Bwv0546 Prelude and Fugue	Bach
Bwv0806 English Suite n1 02 	Bach
Bwv0554 Short Prelude and Fugue n2 (Spurious)	Bach
Bwv0806 English Suite n1 09 	Bach
Bwv0997 Partita for Lute 3	Bach
Bwv0582 Passacaglia and Fugue (Orchestral)	Bach
Bwv0531 Prelude and Fugue	Bach
Bwv0543 Prelude and Fugue	Bach
Bwv0538 Toccata and Fugue ''Dorian''	Bach
Bwv0806 English Suite n1 01 	Bach
Bwv0811 English Suite n6 7	Bach
Bwv0590 Pastorale	Bach
Bwv1005 Violin Sonata n3 2 Fugue	Bach
Bwv0997 Partita for Lute 2	Bach
Bwv0557 Short Prelude and Fugue n5 (Spurious)	Bach
Bwv0938 Little Prelude n6	Bach
Bwv0914 Toccata	Bach
Bwv1014 Harpsicord and Violin Sonata 3	Bach
