Name	Artist
Bwv0525 Sonate en trio n1	Bach
Bwv0526 Sonate en trio n2	Bach
Bwv0527 Sonate en trio n3	Bach
Bwv0528 Sonate en trio n4	Bach
Bwv0529 Sonate en trio n5	Bach
Bwv0530 Sonate en trio n6	Bach
Bwv0531 Prelude and Fugue	Bach
Bwv0532 Toccata and Fugue	Bach
Bwv0533 Prelude and Fugue	Bach
Bwv0535 Prelude and Fugue	Bach
Bwv0536 Prelude and Fugue	Bach
Bwv0537 Fantasia and Fugue	Bach
Bwv0538 Toccata and Fugue ''Dorian''	Bach
Bwv0539 Prelude and Fugue	Bach
Bwv0540 Toccata and Fugue	Bach
Bwv0541 Prelude and Fugue	Bach
Bwv0542 Fantasia and Fugue	Bach
Bwv0543 Prelude and Fugue	Bach
Bwv0544 Prelude and Fugue	Bach
Bwv0546 Prelude and Fugue	Bach
Bwv0547 Prelude and Fugue	Bach
Bwv0549 Prelude and Fugue	Bach
Bwv0550 Prelude and Fugue	Bach
Bwv0551 Prelude and Fugue	Bach
Bwv0552 Prelude and Fugue ''St	Bach
Bwv0554 Short Prelude and Fugue n2 (Spurious)	Bach
Bwv0555 Short Prelude and Fugue n3 (Spurious)	Bach
Bwv0556 Short Prelude and Fugue n4 (Spurious)	Bach
Bwv0557 Short Prelude and Fugue n5 (Spurious)	Bach
Bwv0558 Short Prelude and Fugue n6 (Spurious)	Bach
Bwv0559 Short Prelude and Fugue n7 (Spurious)	Bach
Bwv0560 Short Prelude and Fugue n8 (Spurious)	Bach
Bwv0561 Fantasie and Fuga	Bach
Bwv0563 Fantasie con imitation	Bach
Bwv0564 Toccata Adagio and Fugue	Bach
Bwv0565 Toccata and Fugue In Dm A	Bach
Bwv0565 Toccata and Fugue In Dm B	Bach
Bwv0565 Toccata and Fugue In Dm C	Bach
Bwv0566 Prelude and Fugue	Bach
Bwv0568 Prelude	Bach
Bwv0570 Fantasia	Bach
Bwv0572 Fantasia	Bach
Bwv0582 Passacaglia and Fugue (Orchestral)	Bach
Bwv0582 Passacaglia and Fugue	Bach
Bwv0590 Pastorale	Bach
Bwv0593 Vivaldi Concerto Arrangement RV522	Bach
Bwv0594 Vivaldi Concerto Arrangement RV208	Bach
Bwv0733 Fuga Sopra Magnificat	Bach
Bwv0806 English Suite n1 01 	Bach
Bwv0806 English Suite n1 02 	Bach
Bwv0806 English Suite n1 03 	Bach
Bwv0806 English Suite n1 04 	Bach
Bwv0806 English Suite n1 05	Bach
Bwv0806 English Suite n1 06 	Bach
Bwv0806 English Suite n1 07 	Bach
Bwv0806 English Suite n1 08 	Bach
Bwv0806 English Suite n1 09 	Bach
Bwv0806 English Suite n1 10 	Bach
Bwv0811 English Suite n6 1	Bach
Bwv0811 English Suite n6 2	Bach
Bwv0811 English Suite n6 3	Bach
Bwv0811 English Suite n6 4	Bach
Bwv0811 English Suite n6 5	Bach
Bwv0811 English Suite n6 6	Bach
Bwv0811 English Suite n6 7	Bach
Bwv0811 English Suite n6 8	Bach
Bwv0815 French Suite n4	Bach
Bwv0816 French Suite n5	Bach
Bwv0817 French Suite n6	Bach
Bwv0906 Fantasia and Fugue	Bach
Bwv0910 Toccata	Bach
Bwv0911 Toccata	Bach
Bwv0912 Toccata	Bach
Bwv0913 Toccata	Bach
Bwv0914 Toccata	Bach
Bwv0915 Toccata	Bach
Bwv0916 Toccata	Bach
Bwv0933 Little Prelude n1	Bach
Bwv0934 Little Prelude n2	Bach
Bwv0935 Little Prelude n3	Bach
Bwv0936 Little Prelude n4	Bach
Bwv0937 Little Prelude n5	Bach
Bwv0938 Little Prelude n6	Bach
Bwv0963 Sonata	Bach
Bwv0967 Sonata	Bach
Bwv0992 Capriccio	Bach
Bwv0996 Suite for Lute	Bach
Bwv0997 Partita for Lute 1	Bach
Bwv0997 Partita for Lute 2	Bach
Bwv0997 Partita for Lute 3	Bach
Bwv0997 Partita for Lute 4	Bach
Bwv0997 Partita for Lute 5	Bach
Bwv0998 Prelude Fugue Allegro for Lute 1	Bach
Bwv0998 Prelude Fugue Allegro for Lute 2	Bach
Bwv0998 Prelude Fugue Allegro for Lute 3	Bach
Bwv1005 Violin Sonata n3 1 Adagio	Bach
Bwv1005 Violin Sonata n3 2 Fugue	Bach
Bwv1005 Violin Sonata n3 3 Largo	Bach
Bwv1005 Violin Sonata n3 4 Allegro	Bach
Bwv1014 Harpsicord and Violin Sonata 1	Bach
Bwv1014 Harpsicord and Violin Sonata 2	Bach
Bwv1014 Harpsicord and Violin Sonata 3	Bach
Bwv1014 Harpsicord and Violin Sonata 4	Bach
Bwv1046 aSinfonia h	Bach
Bwv802 Four Inventions (Duettos) Clavier-Ãœbung III n1	Bach
Jesu Joy of Man Desiring	Bach
Prelude from Sonata n6	Bach
Anh06 Rondo	Beethoven
Anh08Nb1 Gavotte 4 hands	Beethoven
Anhang 14-3	Beethoven
Bagatella Fur Elise	Beethoven
Bagatella op33 n1	Beethoven
Bagatella op33 n2	Beethoven
Bagatella op33 n3	Beethoven
Bagatella op33 n4	Beethoven
Bagatella op33 n5	Beethoven
Bagatella op33 n6	Beethoven
Hess057 Bagatella	Beethoven
Hess059 Exercizio Per Pianoforte	Beethoven
Hess061 Anglaise	Beethoven
Hess063 keyb Kaplied	Beethoven
Hess073 Bagatella	Beethoven
Hess074 Bagatella	Beethoven
HessA21 Bagatella	Beethoven
Lieder op46 ''Adelaide''	Beethoven
Lieder op48 n1 ''Bitten''	Beethoven
Lieder op48 n2 ''Die Liebe Des Nachsten''	Beethoven
Lieder op48 n3 ''Vom Tode''	Beethoven
Lieder op48 n4 ''Die Ehre Gottes Aus Der Natur''	Beethoven
Lieder op48 n5 ''Gottes Macht Und Vorsehung''	Beethoven
Lieder op48 n6 ''Busslied''	Beethoven
Lieder op82 n1 ''Dimmi Den Mio Che Mi Ami''	Beethoven
Lieder op99 ''Der Mann Von Wort''	Beethoven
Minuetto	Beethoven
op051 3 Rondos	Beethoven
op077 Fantaisie	Beethoven
op089 Polonaise	Beethoven
op119 Douze Bagatellas	Beethoven
op126 Six Bagatellas	Beethoven
Opus045 Three Grandes Marches	Beethoven
Overture ''Corolian'' op62	Beethoven
Overture ''Creatures Of Prometeus'' op43	Beethoven
Overture ''Egmont''	Beethoven
Overture ''Fidelio'' op72b	Beethoven
Overture ''Inauguration of the House'' op214	Beethoven
Overture ''King Stephen''	Beethoven
Overture ''Leonore'' n2 op72	Beethoven
Overture ''Leonore'' n3 op72	Beethoven
Overture ''Leonore'' op138 n1	Beethoven
Piano Concerto n1 op15 1	Beethoven
Piano Concerto n1 op15 2	Beethoven
Piano Concerto n1 op15 3	Beethoven
Piano Concerto n2 op19 1	Beethoven
Piano Concerto n2 op19 2	Beethoven
Piano Concerto n2 op19 3	Beethoven
Piano Concerto n3 op37 1	Beethoven
Piano Concerto n3 op37 2	Beethoven
Piano Concerto n3 op37 3	Beethoven
Piano Concerto n4 op58 1	Beethoven
Piano Concerto n4 op58 2	Beethoven
Piano Concerto n4 op58 3	Beethoven
Piano Concerto n5 op73 1 ''Emperor''	Beethoven
Piano Concerto n5 op73 2-3 ''Emperor''	Beethoven
Preludes 2 Through Major keys 39	Beethoven
Sketch for Piano Alla Marcia	Beethoven
Sketch for Piano Allegretto	Beethoven
Sketch for Piano Allegro Giocoso	Beethoven
Sketch for Piano Allegro	Beethoven
Sketch for Piano Presto	Beethoven
Sonata for Piano & Cello n2 op05	Beethoven
Sonatina Fa maj woo	Beethoven
Sonatina In C	Beethoven
Sonatina n1 op05	Beethoven
Sonatina op33 4	Beethoven
Sonatina WoO050	Beethoven
String Quartet n1 op18 1	Beethoven
String Quartet n1 op18 2	Beethoven
String Quartet n1 op18 3	Beethoven
String Quartet n1 op18 4	Beethoven
String Quartet n16 op135 1	Beethoven
String Quartet n16 op135 2	Beethoven
String Quartet n16 op135 3	Beethoven
String Quartet n16 op135 4	Beethoven
String Quartet n2 op18 n2 1	Beethoven
String Quartet n2 op18 n2 2	Beethoven
String Quartet n2 op18 n2 3	Beethoven
String Quartet n2 op18 n2 4	Beethoven
Symphony n1 1	Beethoven
Symphony n1 2	Beethoven
Symphony n1 3	Beethoven
Symphony n1 4	Beethoven
Symphony n2 op36 1	Beethoven
Symphony n2 op36 2	Beethoven
Symphony n2 op36 3	Beethoven
Symphony n2 op36 4	Beethoven
Violin Concerto op61 1	Beethoven
Violin Concerto op61 2-3s	Beethoven
WoO010 Six Menuets for Orchestra	Beethoven
WoO048 Rondo	Beethoven
WoO049 Rondo	Beethoven
WoO051 Sonatina 1-2 s	Beethoven
WoO052 Bagatella	Beethoven
WoO054 Lustig Traurig	Beethoven
WoO055 Prelude	Beethoven
WoO056 Bagatella	Beethoven
WoO060 Mouvement Pour Piano	Beethoven
WoO061 Mouvement Pour Piano	Beethoven
WoO061a Mouvement Pour Piano	Beethoven
WoO081 Allemande	Beethoven
WoO082 Menuet	Beethoven
WoO083 Six Escotish Dances for Piano	Beethoven
WoO086 Scotish	Beethoven
Piano Sonata n01	Beethoven
Piano Sonata n02	Beethoven
Piano Sonata n03	Beethoven
Piano Sonata n04	Beethoven
Piano Sonata n05	Beethoven
Piano Sonata n06	Beethoven
Piano Sonata n07	Beethoven
Piano Sonata n08 op13 1 ''Pathetique''	Beethoven
Piano Sonata n08 op13 2 ''Pathetique''	Beethoven
Piano Sonata n08 op13 3 ''Pathetique''	Beethoven
Piano Sonata n09	Beethoven
Piano Sonata n10 1	Beethoven
Piano Sonata n10 2	Beethoven
Piano Sonata n10	Beethoven
Piano Sonata n11	Beethoven
Piano Sonata n12 op26	Beethoven
Piano Sonata n13	Beethoven
Piano Sonata n14 op27  ''Moonlight''	Beethoven
Piano Sonata n14 op27 1 ''Moonlight''	Beethoven
Piano Sonata n14 op27 2 ''Moonlight''	Beethoven
Piano Sonata n14 op27 3 ''Moonlight''	Beethoven
Piano Sonata n15 ''Pastoral''	Beethoven
Piano Sonata n15 2 ''Pastoral''	Beethoven
Piano Sonata n15 3 ''Pastoral''	Beethoven
Piano Sonata n16	Beethoven
Piano Sonata n17 ''Tempestat''	Beethoven
Piano Sonata n18 ''The Hunt''	Beethoven
Piano Sonata n19	Beethoven
Piano Sonata n20	Beethoven
Piano Sonata n21 1 ''Waldstein''	Beethoven
Piano Sonata n21 2 ''Waldstein''	Beethoven
Piano Sonata n21 3 ''Waldstein''	Beethoven
Piano Sonata n22	Beethoven
Piano Sonata n23 op57 1 ''Apassionata''	Beethoven
Piano Sonata n23 op57 2 ''Apassionata''	Beethoven
Piano Sonata n23 op57 3 ''Apassionata''	Beethoven
Piano Sonata n24	Beethoven
Piano Sonata n25	Beethoven
Piano sonata n26 ''Les Adieux''	Beethoven
Piano Sonata n27	Beethoven
Piano Sonata n28	Beethoven
Piano Sonata n29 Op106 ''Hammerklavier''	Beethoven
Piano Sonata n30	Beethoven
Piano Sonata n31 op110	Beethoven
Piano sonata n32 op111	Beethoven
Symphony n1 1	Beethoven
Symphony n1 2	Beethoven
Symphony n1 3	Beethoven
Symphony n1 4	Beethoven
Symphony n2 op36 1	Beethoven
Symphony n2 op36 2	Beethoven
Symphony n2 op36 3	Beethoven
Symphony n2 op36 4	Beethoven
Symphony n3 1 ''Eroica''	Beethoven
Symphony n3 2 ''Eroica''	Beethoven
Symphony n3 3 ''Eroica''	Beethoven
Symphony n3 4 ''Eroica''	Beethoven
Symphony n4 1	Beethoven
Symphony n4 2	Beethoven
Symphony n4 3	Beethoven
Symphony n4 4	Beethoven
Symphony n5 op67 1	Beethoven
Symphony n5 op67 3-4	Beethoven
Symphony n7 1	Beethoven
Symphony n7 2	Beethoven
Symphony n7 3	Beethoven
Symphony n7 4	Beethoven
Symphony op125 n9 1 ''Choral''	Beethoven
Symphony op125 n9 2 ''Choral''	Beethoven
Symphony op125 n9 3 ''Choral''	Beethoven
Symphony op125 n9 4 ''Choral''	Beethoven
Symphony op68 n6 ''Pastorale''	Beethoven
Symphony op68 n6 1 ''Pastorale''	Beethoven
Symphony op68 n6 2 ''Pastorale''	Beethoven
Symphony op68 n6 3 ''Pastorale''	Beethoven
Symphony op93 n8 1	Beethoven
Symphony op93 n8 2 	Beethoven
Symphony op93 n8 3 	Beethoven
Symphony op93 n8 4	Beethoven
12 Menuets HobIX3	Haydn
12 Menuets HobIX8	Haydn
20 Variations for Keyboard HobXVII2	Haydn
Capriccio	Haydn
Piano Piece n1	Haydn
Piano Piece n10	Haydn
Piano Piece n2	Haydn
Piano Piece n3	Haydn
Piano Piece n4	Haydn
Piano Piece n5	Haydn
Piano Piece n6	Haydn
Piano Piece n7	Haydn
Piano Piece n8	Haydn
Piano Piece n9	Haydn
Symphony n101 1 ''Clock''	Haydn
Symphony n101 2 ''Clock''	Haydn
Symphony n101 3 ''Clock''	Haydn
Symphony n101 4 ''Clock''	Haydn
Symphony n104 1 ''London''	Haydn
Symphony n104 2 ''London''	Haydn
Symphony n104 3 ''London''	Haydn
Symphony n104 4 ''London''	Haydn
Symphony n25 K183 2	Haydn
Symphony n25 K183 3	Haydn
Symphony n25 K183 4	Haydn
Symphony n28 1	Haydn
Symphony n45 1 ''Farewell''	Haydn
Symphony n45 4 ''Farewell''	Haydn
Symphony n55 1 ''Der Schulmeister''	Haydn
Symphony n55 2 ''Der Schulmeister''	Haydn
Symphony n55 3 ''Der Schulmeister''	Haydn
Symphony n55 4 ''Der Schulmeister''	Haydn
Symphony n70 1	Haydn
Symphony n76 1	Haydn
Symphony n76 2	Haydn
Symphony n76 3	Haydn
Symphony n76 4	Haydn
Symphony n85 ''La reine''	Haydn
Symphony n88 1	Haydn
Symphony n88 2	Haydn
Symphony n88 3	Haydn
Symphony n88 4	Haydn
Symphony n90 1	Haydn
Symphony n90 3	Haydn
Symphony n90 4	Haydn
Symphony n96 1 ''Miracle''	Haydn
Symphony n96 2 ''Miracle''	Haydn
Symphony n96 3 ''Miracle''	Haydn
Symphony n96 4 ''Miracle''	Haydn
Sonata n01 1 XVI8	Haydn
Sonata n01 2 XVI8	Haydn
Sonata n01 3 XVI8	Haydn
Sonata n01 4 XVI8	Haydn
Sonata n02 1 XVI7	Haydn
Sonata n03 1 XVI9	Haydn
Sonata n03 2 XVI9	Haydn
Sonata n03 3 XVI9	Haydn
Sonata n10 1 XVI1	Haydn
Sonata n10 2 XVI1	Haydn
Sonata n10 3 XVI1	Haydn
Sonata n29 1 XVI45	Haydn
Sonata n29 2 XVI45	Haydn
Sonata n29 3 XVI45	Haydn
Sonata n41 1 XVI26	Haydn
Sonata n41 2 XVI26	Haydn
Sonata n41 3 XVI26	Haydn
Sonata n42 1 XVI27	Haydn
Sonata n42 2 XVI27	Haydn
Sonata n42 3 XVI27	Haydn
Sonata n44 1 XVI29	Haydn
Sonata n44 3 XVI29	Haydn
Sonata n48 1 XVI35	Haydn
Sonata n48 3 XVI35	Haydn
Sonata n49 1 XVI36	Haydn
Sonata n49 2 XVI36	Haydn
Sonata n49 3 XVI36	Haydn
Sonata n52 1 XVI39	Haydn
Sonata n52 2 XVI39	Haydn
Sonata n52 3 XVI39	Haydn
Sonata n54 1 XVI40	Haydn
Sonata n54 2 XVI40	Haydn
Sonata n58 1 XVI48	Haydn
Sonata n58 2 XVI48	Haydn
Sonata n59 1 XVI49	Haydn
Sonata n59 3 XVI49	Haydn
'Lieder ohne Worte' Book 1 op1 n1	Mendelssohn
'Lieder ohne Worte' Book 2 op30 n3	Mendelssohn
Allegro Brillant for Piano 4-hands op92	Mendelssohn
Allegro Moderato	Mendelssohn
Allegro n1	Mendelssohn
Allegro n2	Mendelssohn
Andante alla marcia	Mendelssohn
Andante	Mendelssohn
Choral 4	Mendelssohn
Fantaisie and Fugue	Mendelssohn
Midsummer Night Dream 01 Overture	Mendelssohn
Midsummer Night Dream 02 Scherzo	Mendelssohn
Midsummer Night Dream 03	Mendelssohn
Midsummer Night Dream 04 Song with Chorus	Mendelssohn
Midsummer Night Dream 05	Mendelssohn
Midsummer Night Dream 06	Mendelssohn
Midsummer Night Dream 07	Mendelssohn
Midsummer Night Dream 08 ''Nocturne''	Mendelssohn
Midsummer Night Dream 09	Mendelssohn
Midsummer Night Dream 10 ''Wedding march''	Mendelssohn
Midsummer Night Dream 11 	Mendelssohn
Midsummer Night Dream 12 ''Dance Of Clowns''	Mendelssohn
Midsummer Night Dream 14	Mendelssohn
Midsummer Night Dream 15	Mendelssohn
Nachtspiel	Mendelssohn
Organ Sonata n1	Mendelssohn
Organ Sonata n2	Mendelssohn
Organ Sonata n3	Mendelssohn
Organ Sonata n4	Mendelssohn
Organ Sonata n5	Mendelssohn
Organ Sonata n6	Mendelssohn
Ostinato	Mendelssohn
Piano Concerto n1 in op25 1	Mendelssohn
Piano Concerto n1 in op25 3	Mendelssohn
piano wedding march	Mendelssohn
Prelude 2	Mendelssohn
Prelude and Fugue n2	Mendelssohn
Prelude and Fugue n3	Mendelssohn
Prelude	Mendelssohn
Songs Without Words op30 n1	Mendelssohn
Songs Without Words op53 n5	Mendelssohn
Songs Without Words op62 n3	Mendelssohn
Songs Without Words op62 n4	Mendelssohn
Songs Without Words op62 n5	Mendelssohn
Symphony op107 n5 1 ''Reformation''	Mendelssohn
Symphony op107 n5 3 ''Reformation''	Mendelssohn
Symphony op56 n3 1 ''Scottish''	Mendelssohn
Symphony op56 n3 2 ''Scottish''	Mendelssohn
Symphony op56 n3 3 ''Scottish''	Mendelssohn
Symphony op56 n3 4 ''Scottish''	Mendelssohn
Symphony op90 n4 1 ''Italian''	Mendelssohn
Symphony op90 n4 2 ''Italian''	Mendelssohn
Symphony op90 n4 4 ''Italian''	Mendelssohn
Variations serieuses op54	Mendelssohn
Violin Concerto op63	Mendelssohn
Contradance n1	Mozart
Contradance n2	Mozart
Contradance n3	Mozart
K02 Minuet in F	Mozart
K03 Allegro in Bb	Mozart
K04 Minuet in F	Mozart
K05 Minuet for Harpsichord	Mozart
K117 Offertorio Jubilate Deo	Mozart
K136 Divertimento 1	Mozart
K136 Divertimento 2	Mozart
K136 Divertimento 3	Mozart
K191 Bassoon Concerto 1	Mozart
K191 Bassoon Concerto 2	Mozart
K191 Bassoon Concerto 3	Mozart
K299 Flute Harp Concerto 1	Mozart
K299 Flute Harp Concerto 2	Mozart
K299 Flute Harp Concerto 3	Mozart
K314 Flute Concerto n2 1	Mozart
K314 Flute Concerto n2 2	Mozart
K314 Flute Concerto n2 3	Mozart
K317 Coronation Mass 1	Mozart
K317 Coronation Mass 2	Mozart
K317 Coronation Mass 3	Mozart
K317 Coronation Mass 4	Mozart
K317 Coronation Mass 5	Mozart
K317 Coronation Mass 6	Mozart
K335 Laudate Dominus	Mozart
K339 Vesperae solemnes de confessore (Vespers) 1 Dixit Dominus	Mozart
K354 Piano Variations ''Je Suis Lindor''	Mozart
K361 Serenade n10 3	Mozart
K393 Solfeggi n1	Mozart
K393 Solfeggi n2	Mozart
K393 Solfeggi n3	Mozart
K393 Solfeggi n4	Mozart
K393 Solfeggi n5	Mozart
K398 Piano Variations ''Salve Tu Domine''	Mozart
K401 Fuga in G minor 	Mozart
K427 Great Mass 1	Mozart
K492 Overture ''Le Nozze di Figaro''	Mozart
K495 Horn Concerto n4 1	Mozart
K495 Horn Concerto n4 2	Mozart
K495 Horn Concerto n4 3	Mozart
K501 Andante with 5 Variations for Piano Duet	Mozart
K525 Serenade 1 ''Eine Kleine Natchmusik''	Mozart
K525 Serenade 2 ''Eine Kleine Natchmusik''	Mozart
K525 Serenade 3 ''Eine Kleine Natchmusik''	Mozart
K525 Serenade 4 ''Eine Kleine Natchmusik''	Mozart
K527 Overture ''Don Giovanni''	Mozart
K546 Adagio & Fugue for Strings	Mozart
K573 9 Variations for Piano Uber Duport	Mozart
K594 Adagio & Allegro for Mechanical Organ	Mozart
K608 Fantasia for Mechanical Organ	Mozart
K617 Adagio	Mozart
K618 Ave Verum Corpus	Mozart
K620 Overture The Magic Flute	Mozart
K622 Clarinet Concerto 1	Mozart
K622 Clarinet Concerto 2	Mozart
K622 Clarinet Concerto 3	Mozart
K626 Requiem 01 Introitus & Kyrie	Mozart
K626 Requiem 02 rextremendae	Mozart
K626 Requiem 03 tuba mirum	Mozart
K626 Requiem 04 Dies Irae	Mozart
K626 Requiem 05 Recordare	Mozart
K626 Requiem 06 confutatis	Mozart
K626 Requiem 07 Lacrimosa	Mozart
K626 Requiem 08 offertorio domine jesu	Mozart
K626 Requiem 09 hostias	Mozart
K626 Requiem 10 Sanctus	Mozart
K626 Requiem 11 Benedictus	Mozart
K626 Requiem 12 agnus dei	Mozart
K626 Requiem kyrie	Mozart
Sonatina n21 3	Mozart
Sonatina n22 4	Mozart
Sonatina n3 1	Mozart
Sonatina n3 2	Mozart
Sonatina n3 3	Mozart
Symphony n22 K162 1	Mozart
Symphony n22 K162 3	Mozart
Symphony n25 K183 1	Mozart
Symphony n28 K200 1	Mozart
Symphony n28 K200 2	Mozart
Symphony n28 K200 3	Mozart
Symphony n28 K200 4	Mozart
Symphony n29 K201 1	Mozart
Symphony n29 K201 2	Mozart
Symphony n29 K201 4	Mozart
Symphony n30 K202 1	Mozart
Symphony n30 K202 2	Mozart
Symphony n30 K202 3	Mozart
Symphony n30 K202 4	Mozart
Symphony n36 K425 1 ''Linz''	Mozart
Symphony n36 K425 2 ''Linz''	Mozart
Symphony n36 K425 3 ''Linz''	Mozart
Symphony n36 K425 4 ''Linz''	Mozart
Symphony n39 K543 1	Mozart
Symphony n39 K543 2	Mozart
Symphony n39 K543 3	Mozart
Symphony n39 K543 4	Mozart
Symphony n4 K019 1	Mozart
Symphony n4 K19 3	Mozart
Symphony n41 K551 1 ''Jupiter''	Mozart
Symphony n41 K551 2 ''Jupiter''	Mozart
Symphony n41 K551 3 ''Jupiter''	Mozart
Symphony n41 K551 4 ''Jupiter''	Mozart
Vesperae solemnes de confessore ''Vespers'' K339 1 Dixit Dominus	Mozart
Viennese Sonatinas K439b n2 1	Mozart
Viennese Sonatinas K439b n2 2	Mozart
Viennese Sonatinas K439b n2 3	Mozart
Viennese Sonatinas K439b n2 4	Mozart
Viennese Sonatinas K439b n6 1	Mozart
Viennese Sonatinas K439b n6 2	Mozart
Piano Concerto n12 K414 1	Mozart
Piano Concerto n12 K414 3	Mozart
Piano Concerto n14 K449 1	Mozart
Piano Concerto n14 K449 2	Mozart
Piano Concerto n14 K449 3	Mozart
Piano Concerto n16 K451 1	Mozart
Piano Concerto n16 K451 3	Mozart
Piano Concerto n17 K453 3	Mozart
Piano Concerto n18 K456 1 ''Paradis''	Mozart
Piano Concerto n18 K456 2 ''Paradis''	Mozart
Piano Concerto n18 K456 3 ''Paradis''	Mozart
Piano Concerto n20 K466 1	Mozart
Piano Concerto n20 K466 2	Mozart
Piano Concerto n20 K466 3	Mozart
Piano Concerto n21 K467 1 ''Elvira Madigan''	Mozart
Piano Concerto n21 K467 2 ''Elvira Madigan''	Mozart
Piano Concerto n21 K467 3 ''Elvira Madigan''	Mozart
Piano Concerto n23 K488 1	Mozart
Piano Concerto n23 K488 2	Mozart
Piano Concerto n23 K488 3	Mozart
Piano Concerto n24 K491 1	Mozart
Piano Concerto n24 K491 2	Mozart
Piano Concerto n24 K491 3	Mozart
Piano Concerto n25 K503 1	Mozart
Piano Concerto n25 K503 2	Mozart
Piano Concerto n25 K503 3	Mozart
Piano Concerto n26 K537 1 ''Coronation''	Mozart
Piano Concerto n26 K537 2 ''Coronation''	Mozart
Piano Concerto n26 K537 3 ''Coronation''	Mozart
Piano Concerto n6 K238 1	Mozart
Piano Concerto n6 K238 3	Mozart
Piano Concerto n7 for 3 Pianos K242 1 ''Lodron''	Mozart
Piano Concerto n7 for 3 Pianos K242 2 ''Lodron''	Mozart
Piano Concerto n7 for 3 Pianos K242 3 ''Lodron''	Mozart
Piano Concerto n8 K246 1	Mozart
Piano Concerto n8 K246 3	Mozart
Piano Sonata n01 K279	Mozart
Piano Sonata n02 K280	Mozart
Piano Sonata n03 K281	Mozart
Piano Sonata n04 K282	Mozart
Piano Sonata n05 K283	Mozart
Piano Sonata n06 K284	Mozart
Piano Sonata n07 K309	Mozart
Piano Sonata n08 K311	Mozart
Piano Sonata n09 K310	Mozart
Piano Sonata n10 K330	Mozart
Piano Sonata n11 K331	Mozart
Piano Sonata n12 K332	Mozart
Piano Sonata n13 K333	Mozart
Piano Sonata n14 K457	Mozart
Piano Sonata n15 K593-494	Mozart
Piano Sonata n16 K545	Mozart
Piano Sonata n17 K547a	Mozart
Piano Sonata n18 K570	Mozart
Piano Sonata n19 K576	Mozart
K19d Piano Sonata Duet	Mozart
K279 Piano sonata n01 1	Mozart
K279 Piano sonata n01 2	Mozart
K279 Piano sonata n01 3	Mozart
K280 Piano sonata n02 1	Mozart
K280 Piano sonata n02 2	Mozart
K280 Piano sonata n02 3	Mozart
K281 Piano Sonata n03 1	Mozart
K281 Piano Sonata n03 2	Mozart
K281 Piano Sonata n03 3	Mozart
K282 Piano Sonata n04 	Mozart
K284 Piano Sonata n06 	Mozart
K309 Piano Sonata n10 1	Mozart
K309 Piano Sonata n10 2	Mozart
K309 Piano Sonata n10 3	Mozart
K330 Piano Sonata n10 1	Mozart
K330 Piano Sonata n10 2	Mozart
K330 Piano Sonata n10 3	Mozart
K331 Piano Sonata n11 	Mozart
K331 Piano sonata n11 3	Mozart
K332 Piano Sonata n12 1	Mozart
K332 Piano Sonata n12 2	Mozart
K332 Piano Sonata n12 3	Mozart
K333 Piano Sonata n13 	Mozart
K333 Piano Sonata n13 1	Mozart
K333 Piano Sonata n13 2	Mozart
K333 Piano Sonata n13 3	Mozart
K357 Piano Sonata 4 Hands	Mozart
K358 Piano Sonata 4 Hands	Mozart
K381 Piano Sonata 4 Hands	Mozart
K457 Piano Sonata n14 	Mozart
K497 Piano Sonata 4 Hands	Mozart
K521 Piano Sonata 4 Hands	Mozart
K545 Piano Sonata	Mozart
K570 Piano Sonata 1	Mozart
K570 Piano Sonata 2	Mozart
K570 Piano Sonata 3	Mozart
K576 Piano Sonata n19 	Mozart
Symphony n22 K162 1	Mozart
Symphony n22 K162 3	Mozart
Symphony n25 K183 1	Mozart
Symphony n25 K183 2	Mozart
Symphony n25 K183 3	Mozart
Symphony n25 K183 4	Mozart
Symphony n28 K200 1	Mozart
Symphony n28 K200 2	Mozart
Symphony n28 K200 3	Mozart
Symphony n28 K200 4	Mozart
Symphony n29 K201 1	Mozart
Symphony n29 K201 2	Mozart
Symphony n29 K201 4	Mozart
Symphony n30 K202 1	Mozart
Symphony n30 K202 2	Mozart
Symphony n30 K202 3	Mozart
Symphony n30 K202 4	Mozart
Symphony n31 K297 1 ''Paris''	Mozart
Symphony n31 K297 2 ''Paris''	Mozart
Symphony n31 K297 3 ''Paris''	Mozart
Symphony n33 K319 1	Mozart
Symphony n33 K319 2	Mozart
Symphony n33 K319 3	Mozart
Symphony n33 K319 4	Mozart
Symphony n34 K338 1	Mozart
Symphony n34 K338 2	Mozart
Symphony n34 K338 3	Mozart
Symphony n35 K385 1 ''Haffner''	Mozart
Symphony n35 K385 2 ''Haffner''	Mozart
Symphony n35 K385 3 ''Haffner''	Mozart
Symphony n35 K385 4 ''Haffner''	Mozart
Symphony n36 K425 1 ''Linz''	Mozart
Symphony n36 K425 2 ''Linz''	Mozart
Symphony n36 K425 3 ''Linz''	Mozart
Symphony n36 K425 4 ''Linz''	Mozart
Symphony n37 K444 1	Mozart
Symphony n38 K504 1 ''Prague''	Mozart
Symphony n38 K504 2 ''Prague''	Mozart
Symphony n38 K504 3 ''Prague''	Mozart
Symphony n39 K543 1	Mozart
Symphony n39 K543 2	Mozart
Symphony n39 K543 3	Mozart
Symphony n39 K543 4	Mozart
Symphony n4 K019 1	Mozart
Symphony n4 K19 3	Mozart
Symphony n40 K550 1	Mozart
Symphony n40 K550 2	Mozart
Symphony n40 K550 3	Mozart
Symphony n40 K550 4	Mozart
Symphony n41 K551 1 ''Jupiter''	Mozart
Symphony n41 K551 2 ''Jupiter''	Mozart
Symphony n41 K551 3 ''Jupiter''	Mozart
Symphony n41 K551 4 ''Jupiter''	Mozart
Symphony n5 K022	Mozart
Early Pieces n1 Andante	Mozart
Early Pieces n10 Air	Mozart
Early Pieces n11 Country dance	Mozart
Early Pieces n12 Rondino	Mozart
Early Pieces n13 Prelude	Mozart
Early Pieces n14 Rondo	Mozart
Early Pieces n15 Andantino	Mozart
Early Pieces n16 Minuet	Mozart
Early Pieces n17 Siciliano	Mozart
Early Pieces n18 Little Song	Mozart
Early Pieces n19 Giga	Mozart
Early Pieces n2 Minuet	Mozart
Early Pieces n20 Presto	Mozart
Early Pieces n3 Little march	Mozart
Early Pieces n4 Minuet	Mozart
Early Pieces n5 Country Dance	Mozart
Early Pieces n6 Llittle minuet	Mozart
Early Pieces n7 Country dance	Mozart
Early Pieces n8 Minuet	Mozart
Early Pieces n9 Allegretto	Mozart
