Artist	Songname	Album	EmbUrl
Guillaume Dufay	Missa L'homme arme: Kyrie	Dufay: Missa L' Homme Arme	https://open.spotify.com/embed/track/2Lu4A1yRyvG56B1rgKx8Q7
Guillaume Dufay	Missa Ecce ancilla Domini   Beata es Maria: I. Kyrie	Du Fay: Les messes à teneur	https://open.spotify.com/embed/track/0yNbcON3iY5ALEpzkvfBJx
Guillaume Dufay	Ecclesiae militantis	Renaissance & Baroque Music	https://open.spotify.com/embed/track/3d0Jc93Kv2qnGw1vrzIcdN
Guillaume Dufay	J'attendray tant qu'il vous playra	Ma fin est mon commencement (Polyphonies des XIVème et XVème siècles)	https://open.spotify.com/embed/track/5nUeQgyeNPqgYmLsJ49RYl
Guillaume Dufay	Mass for St. Anthony of Padua: Gradual. Os justi meditabitur sapientiam	Gloriosus Franciscus: The Music for St. Francis from the 13th to the 16th Century	https://open.spotify.com/embed/track/0dH12i3bIkl5pA0BiAF9zf
Guillaume Dufay	Se la face ay pale	Sacred And Secular Music From Renaissance Germany	https://open.spotify.com/embed/track/6FBypqcjRWD6vlIEAFtuMi
Guillaume Dufay	Franc cuer Gentil	c.1300-c.2000	https://open.spotify.com/embed/track/1fa6ylvMVU3WO14qIXqJUx
Guillaume Dufay	Nuper rosarum flores   Terribilis est	Dufay, G.: Vocal Music (Quadrivium)	https://open.spotify.com/embed/track/5x3XZeWbj1vFLG9hSQLbYi
Guillaume Dufay	O tres piteulx – Omnes amici eius	La contenance angloise	https://open.spotify.com/embed/track/7iQdTFJtemOPPiokQXyh2L
Guillaume Dufay	Isorhythmic Motets: Apostolo glorioso - Cum tua doctrina - Andreas, Christi famulus	Dufay: O gemma lux	https://open.spotify.com/embed/track/7nTwlmrw5dRthSvSTmCsKa
Guillaume Dufay	Ce moys de may	Binchois & Dufay: Le Champion des Dames	https://open.spotify.com/embed/track/4oZXKq3KD1BlmetY98uOVD
Guillaume Dufay	Missa Sancti Jacobi: IX. Communio, Vos qui secuti estis me	Dufay: Missa sancti iacobi	https://open.spotify.com/embed/track/3PJLHakikTjh618SjG8QhT
Guillaume Dufay	Missa Se la face ay pale: V. Agnus Dei	Du Fay: Les messes à teneur	https://open.spotify.com/embed/track/3RKIkjJrm5x1OWlDNSuTsU
Guillaume Dufay	O proles Hispanie - O sidus Hispanie	Impermanence	https://open.spotify.com/embed/track/5sWFKcZYiD83vwMLAAahfJ
Guillaume Dufay	Ave maris stella	Dufay: Motets	https://open.spotify.com/embed/track/5taUYCH7zck4zd80b8mE42
Guillaume Dufay	Bon jour, bon mois	Musical Book of Hours	https://open.spotify.com/embed/track/0PjAwn89qgA6UclqJagev1
Guillaume Dufay	Ave Regina celorum: Ave Regina celorum	Scattered Rhymes (Tarik O'Regan, Guillaume de Machaut, Gavin Bryars)	https://open.spotify.com/embed/track/2W9ZeRNJLFWOGneBHvxgaD
Guillaume Dufay	Motets: Alma redemptoris mater	Dufay: The Virgin and the Temple	https://open.spotify.com/embed/track/2kgFXYO1hDuVlA52bn1Owe
Guillaume Dufay	Flos florum	Dufay: Flos Florum. Motets, Hymns, Antiphons (Alpha Collection)	https://open.spotify.com/embed/track/6toX1vFMBGKO2RUKOPamCC
Guillaume Dufay	Trop lonc temps ai este en desplaisir	O Lux Beata (Renaissance Harp Music)	https://open.spotify.com/embed/track/23omcHyB4excTM45V2QOFe
Guillaume Dufay	Adieu ces bons vins de Lannoys	Discover Early Music	https://open.spotify.com/embed/track/21qiilxxZx4RjN9xve2MnI
Guillaume Dufay	Chansons (arr. for voice and chamber ensemble): Vergene bella	Dufay: Chansons	https://open.spotify.com/embed/track/453wdyxY7o5r844xs8Q81O
Guillaume Dufay	Balsamus et Munda Cera	Balsam	https://open.spotify.com/embed/track/17DZurDF8Tte6qwAC5lldc
Josquin des Prez	Bergerette savoyenne	Stabat Mater	https://open.spotify.com/embed/track/0foj0lRG9YTcI8HJEchYqE
Josquin des Prez	La Bernardina	Stabat Mater	https://open.spotify.com/embed/track/4zDEMs7d9imOZYmRtTrYnb
Josquin des Prez	Ave Maria, gratia plena, virgo serena	Stabat Mater	https://open.spotify.com/embed/track/43YRmPuiymU3GFTffHo2Eu
Josquin des Prez	Vultum tuum deprecabuntur: No. 2, Sancta Dei genitrix	Stabat Mater	https://open.spotify.com/embed/track/4tPJjxRLnSlXrjsKHqs5Cf
Josquin des Prez	Fortuna desperata	Stabat Mater	https://open.spotify.com/embed/track/1gLeEeA2aNDHshug56Zb4E
Josquin des Prez	Vultum tuum deprecabuntur: No. 1, Vultum tuum	Stabat Mater	https://open.spotify.com/embed/track/6ijsV2Wl98TleIzQ2sY3Fw
Josquin des Prez	Nymphes, nappés - Circumdederunt me	Stabat Mater	https://open.spotify.com/embed/track/1w9Nm7hwk2MB4Gemg7Z29f
Josquin des Prez	Vultum tuum deprecabuntur: No. 6, Ora pro nobis virgo	Stabat Mater	https://open.spotify.com/embed/track/1b4aIGrdoqgtlHhErMuooE
Josquin des Prez	Stabat Mater	Stabat Mater	https://open.spotify.com/embed/track/3hvWJaE4X3vsLkCf5MaMX5
Josquin des Prez	Vultum tuum deprecabuntur: No. 5, Mente tota tibi supplicamus	Stabat Mater	https://open.spotify.com/embed/track/3CDxEplUFhtFs7YQiyUqyA
Josquin des Prez	Entré je suis en grant pensée for 4 Voices	Stabat Mater	https://open.spotify.com/embed/track/2QyuIdyJEhKyxGcvsuAGtr
Josquin des Prez	Salve Regina for 5 Voices	Stabat Mater	https://open.spotify.com/embed/track/5UzPg5C5vHWFjfWYSL3IEQ
Josquin des Prez	Vultum tuum deprecabuntur: No. 7, Christe, fili Dei	Stabat Mater	https://open.spotify.com/embed/track/0PMIAJcvsWsle9VAUZGNND
Josquin des Prez	Ecce tu pulchra es	Stabat Mater	https://open.spotify.com/embed/track/3Fy20ogoiGBs9D9s6JhKgT
Josquin des Prez	Vultum tuum deprecabuntur: No. 4, O Maria, nullam tam gravem	Stabat Mater	https://open.spotify.com/embed/track/2xzt7Zy32A1vRdNKOFuLKm
Josquin des Prez	De tous biens plaine for 4 Voices	Stabat Mater	https://open.spotify.com/embed/track/5yLp7aG3jRXQb9e5FFrFQZ
Josquin des Prez	Vultum tuum deprecabuntur: No. 3, Intemerata virgo	Stabat Mater	https://open.spotify.com/embed/track/5TcJtVNmFQH1OHxAz95nSB
Frédéric Chopin	Waltz in B Minor, Op. 69 No. 2: Waltz No. 10 in B Minor, Op. 69, No. 2	Chopin: Waltzes, Nos. 1-19   Ecossaises, Op. 72   Tarantelle, Op. 43	https://open.spotify.com/embed/track/2VeL9mexNVTippORBuAHY3
Frédéric Chopin	Chopin: Waltz No. 9 in A-Flat Major, Op. 69 No. 1, The Farewell Waltz 	Chopin: Piano Works	https://open.spotify.com/embed/track/2zfitTxt9KPU0XroKQT0ND
Frédéric Chopin	Nocturne No. 19 in E Minor, Op. 72, No. 1	Benjamin Grosvenor: Chopin, Liszt, Ravel	https://open.spotify.com/embed/track/64LTn5fTsPR0QLy7bVYl9w
Frédéric Chopin	Nocturne in C-Sharp Minor, Op. 27 No. 1	Chopin: Nocturnes	https://open.spotify.com/embed/track/1YrdSH3Ip6K0eBXUTVqbra
Frédéric Chopin	Piano Concerto No. 1 in E Minor, Op. 11: Piano Concerto No. 1 in E Minor, Op. 11: I. Allegro maestoso	Chopin: Piano Concertos	https://open.spotify.com/embed/track/5v46eIiHWK8RiQMOpIuykM
Frédéric Chopin	Mazurkas, Op. 33: Mazurka No. 23 in D Major, Op. 33, No. 2	Chopin: Mazurkas, Vol. 1	https://open.spotify.com/embed/track/251nfOQOQYMGiAYTgDJyjp
Frédéric Chopin	Scherzo No. 1 in B Minor, Op. 20	Benjamin Grosvenor: Chopin, Liszt, Ravel	https://open.spotify.com/embed/track/73l910ngb0p0nlVBkJk7FA
Frédéric Chopin	Chopin: Nocturne No. 20 in C-Sharp Minor, Op. Posth.	Chopin - Piano Works	https://open.spotify.com/embed/track/2MSgFefjK0T7Iwjvr3OKqV
Frédéric Chopin	Chopin: 24 Preludes Op. 28: No. 15 in D-Flat Major, Raindrop	Chopin : Preludes, Ballades Nos 3 & 4, Nocturnes	https://open.spotify.com/embed/track/4q8f3Ls32PcXE8Ks4V1ufx
Frédéric Chopin	Piano Sonata No.3 in B minor, Op.58: 4. Finale (Presto non tanto)	Chopin: Piano Sonatas Nos. 2 & 3	https://open.spotify.com/embed/track/5ZpJxN8sy3LE8fUaXLhMsb
Frédéric Chopin	Chopin: Berceuse in D-Flat Major, Op. 57	Chopin: 24 Préludes, Barcarolle, Berceuse & Variations brillantes	https://open.spotify.com/embed/track/6W7KHILOnjLLElc31Ytt1m
Frédéric Chopin	Chopin: Fantaisie in F Minor, Op. 49	Chopin journal intime	https://open.spotify.com/embed/track/6aZvn2GoPxfjGrbVNOG4ly
Frédéric Chopin	Waltz No.7 In C Sharp Minor, Op.64 No.2	Chopin: Waltzes	https://open.spotify.com/embed/track/1SuUeSMeh3dDH8SbI6h77u
Frédéric Chopin	Nocturne No.6 In G Minor, Op.15 No.3	Chopin: Nocturnes	https://open.spotify.com/embed/track/1YluEbLfaWBfV2GpQQLOcZ
Frédéric Chopin	Nocturne in G Major, Op. 37, No. 2	Chopin: Complete Noctures, Barcarolle, Berceuse	https://open.spotify.com/embed/track/17A3zj6XllYLQJZvRdehFd
Frédéric Chopin	Sonata in G Minor for Cello & Piano, Op.65: 3. Largo	Rachmaninov & Chopin Cello Sonatas	https://open.spotify.com/embed/track/5GvFoTt81kcLw6eEJlfCKT
Frédéric Chopin	Chopin: Piano Sonata No. 1 in C Minor, Op. 4: II. Minuetto. Allegretto	Chopin	https://open.spotify.com/embed/track/32zeSRwL0fJ6HQrA7LxNwm
Frédéric Chopin	Chopin: Piano Sonata No. 2 in B-Flat Minor, Op. 35: III. Marche Funèbre	Chopin: Piano Sonata No. 2 - Liszt: Dante Sonata & 3 Petrarch Sonnets	https://open.spotify.com/embed/track/4tDa5P1so01pdVc5Ywl6Or
Frédéric Chopin	Chopin: Scherzo No. 2 in B-Flat Minor, Op. 31	Chopin: Piano Sonata No. 2 Op. 35 & 4 Scherzos	https://open.spotify.com/embed/track/6OwavBgVS1N4lAXZ2zKUfc
Frédéric Chopin	Fantasy On Polish Airs, Op. 13: Largo non troppo	Chopin: Works For Piano & Orchestra	https://open.spotify.com/embed/track/235v1U3NbGN0p2Ee4nyhT4
Frédéric Chopin	Mazurka No.36 In A Minor Op.59 No.1	Chopin: Mazurkas	https://open.spotify.com/embed/track/50NKS5zdW19a73ckDz29eu
Frédéric Chopin	Impromptu No.2 in F sharp, Op.36: Andantino	Chopin: Impromptus opp. 29, 36, 51, 66; Valses op. posth.; Ecossaises op. 72 No. 3; Mazurkas opp. 30,2-41,1-63,3-56,2-67,3 u. 4, Polonaise-Fantaisie op.61	https://open.spotify.com/embed/track/44wAptfudnb3SpcxWdsoOV
Frédéric Chopin	Nocturne in F-Sharp Minor, Op. 48 No. 2	Chopin: Nocturnes	https://open.spotify.com/embed/track/61HjODX0UwaKmriz5gWVJI
Frédéric Chopin	24 Preludes, Op. 28: No. 9 in E Major	Chopin: Preludes	https://open.spotify.com/embed/track/4yMESTysfvZ8q65DWmOHdN
Frédéric Chopin	24 Préludes, Op. 28: No. 19 in E-Flat Major	Debussy: Images - Chopin: Préludes	https://open.spotify.com/embed/track/2iLdxCXCjQX5jOZ8GiyUcx
Frédéric Chopin	Nocturne in E-Flat Major, Op. 55, No. 2	Lang Lang: The Chopin Album	https://open.spotify.com/embed/track/1QBaOzhMlaWx9zQZIEmJFx
Frédéric Chopin	Introduction et Polonaise brillante in C Major, Op. 3	Chopin: Chamber Music (Remastered)	https://open.spotify.com/embed/track/6l5eXzb2o489veNcBrIDoD
Frédéric Chopin	Ballade No. 3 in A Flat Major, Op. 47	Chopin: Piano Concerto No. 1; Ballades	https://open.spotify.com/embed/track/1BPsXqDKyApGZTDQy69zOk
Frédéric Chopin	Polonaise No.3 In A Major, Op.40, No.1 'Military'	Chopin: Polonaises	https://open.spotify.com/embed/track/0gC1ltoVLrVfP8wcBlqaVH
Frédéric Chopin	Ballade No. 2 in F Major, Op. 38	Chopin: Ballades   Fantaisie in F Minor   Galop Marquis	https://open.spotify.com/embed/track/4FJJKMXwKerjg6YOZlSvIA
Frédéric Chopin	Piano Sonata No.3 in B minor, Op.58: 2. Scherzo (Molto vivace)	Chopin: Piano Sonatas Nos. 2 & 3	https://open.spotify.com/embed/track/2qdHnWpEq9fqmTDONyLBkI
Frédéric Chopin	Ballade No. 1 in G Minor, Op. 23	The Pianist (Original Motion Picture Soundtrack)	https://open.spotify.com/embed/track/2YZmsX1eLeJmbkpyjd30ei
Frédéric Chopin	Waltz No.19 in A Minor, Op.Posth.	Pure Chopin	https://open.spotify.com/embed/track/71MpmxCJ1TW05c7Fvv1SfI
Frédéric Chopin	Polonaise No. 6 in A-Flat Major, Op. 53, Heroic	Chopin: Polonaises, Vol. 1	https://open.spotify.com/embed/track/4OCcW1biaIhpot1Rke6DF3
Frédéric Chopin	Piano Concerto No. 1 in E Minor, Op. 11: 2. Romance (Larghetto)	Chopin: Piano Concerto No. 1; Ballades	https://open.spotify.com/embed/track/2OxziEQaUt5MRXppGYXGpu
Frédéric Chopin	Nocturne in G Minor, Op. 15 No. 3: Nocturne No. 6 in G Minor, Op. 15, No. 3	Chopin: 21 Nocturnes	https://open.spotify.com/embed/track/5DgCpbEZ2WCpS45BvhTNkc
Frédéric Chopin	Impromptu No.3 In G Flat, Op.51	Chopin: Scherzi; Impromptus	https://open.spotify.com/embed/track/29ZAGoKOX6a4oeB0iFl14z
Frédéric Chopin	Nocturne No.1 In B Flat Minor, Op.9 No.1	Chopin: Nocturnes	https://open.spotify.com/embed/track/2d6ml9Qkx8r4EjuUyrdpRV
Frédéric Chopin	Mazurka in A Minor, Op. 17 No. 4	Chopin: Works for Piano	https://open.spotify.com/embed/track/6xpxh32vZI09GIVUc9j801
Frédéric Chopin	Impromptu No. 1 in A-Flat Major, Op. 29	Chopin: 4 Ballades - 4 Impromptus	https://open.spotify.com/embed/track/4obkD1Jz7JcgxKQgcidQ8a
Frédéric Chopin	Études, Op. 25: No. 1 in A-Flat Major	Lang Lang: The Chopin Album	https://open.spotify.com/embed/track/6SZecFOXcA1mt31T67vajf
Frédéric Chopin	Chopin: Nocturne No. 8 in D-Flat Major, Op. 27 No. 2	Gabriela Montero: Piano Recital	https://open.spotify.com/embed/track/4hbvrHgfZ8lqFrPx1Ztd6j
Frédéric Chopin	Piano Sonata No.3 in B minor, Op.58: 1. Allegro maestoso	Chopin: Piano Sonatas Nos. 2 & 3	https://open.spotify.com/embed/track/4Q7goC1Pqxymmal8WWEIRb
Frédéric Chopin	24 Préludes, Op.28: 19. In E Flat Major	Chopin: Etudes; Préludes; Polonaises	https://open.spotify.com/embed/track/4x4mt3fqFyyzX9XSJNaj1a
Frédéric Chopin	Chopin: Piano Sonata No. 1 in C Minor, Op. 4: I. Allegro maestoso	Chopin	https://open.spotify.com/embed/track/7jljqPTxRVx5ZJjyruQUtB
Frédéric Chopin	Chopin: Nocturne No. 13 in C Minor, Op. 48 No. 1	Chopin Nocturnes	https://open.spotify.com/embed/track/2oEK8HdbgtJ7tjqMSSabVG
Frédéric Chopin	Prelude N°20 In C Minor: Op.28, Largo	Chopin: 24 Preludes, 2 Polonaises	https://open.spotify.com/embed/track/3WuS2T1NocPtTUngzCNZ5p
Frédéric Chopin	Piano Concerto No. 2 in F Minor, Op. 21: Piano Concerto No. 2 in F Minor, Op. 21: I. Allegro maestoso	Chopin: Piano Concertos	https://open.spotify.com/embed/track/6jM8zotQXUH9v62Xd6ySAV
Frédéric Chopin	Ballade No. 4 in F Minor, Op. 52	Chopin: Works for Piano	https://open.spotify.com/embed/track/7ACLQLZ1I7PbyKTS4E9whS
Frédéric Chopin	Fantaisie-Impromptu In C Sharp Minor, Op. 66	Chopin: Fantaisie-Impromptu In C Sharp Minor, Op. 66	https://open.spotify.com/embed/track/3doWyNDnlAvcZuW5djNFPB
Frédéric Chopin	Nocturne No.2 In E Flat, Op.9 No.2	Chopin: Nocturnes	https://open.spotify.com/embed/track/1VNvsvEsUpuUCbHpVop1vo
Frédéric Chopin	Chopin: 12 Etudes, Op. 25: No. 1 in A-Flat Major, Aeolian Harp	Chopin : Etudes	https://open.spotify.com/embed/track/5QS4Ww7pFtigfFqoSQJrP6
Frédéric Chopin	Barcarolle in F-Sharp Major, Op. 60	Chopin: Ballades, Vol. 2	https://open.spotify.com/embed/track/5frCuNxx2Z6q5gvvglW9N4
Ludwig van Beethoven	Rage Over A Lost Penny, Op.129	Beethoven: Rage Over A Lost Penny	https://open.spotify.com/embed/track/1lrUhlFqg06tXMGSlPYlSe
Ludwig van Beethoven	Piano Concerto No. 2 in B-Flat Major, Op. 19: III. Rondo: Molto allegro	Beethoven: Piano Concertos Nos. 2 and 5	https://open.spotify.com/embed/track/6xrs6RX3mABeOGdt146Nsi
Ludwig van Beethoven	Sonata For Violin And Piano No.5 In F, Op.24 - Spring: 1. Allegro	Beethoven: The Essentials	https://open.spotify.com/embed/track/5gy3rWFphGVPSmCx0pHPzR
Ludwig van Beethoven	String Quartet No. 12 in E-Flat Major, Op. 127: III. Scherzando vivace	Beethoven: String Quartets, Op. 59, No. 3, 'Rasumovsky' and Op. 127	https://open.spotify.com/embed/track/5JiHlQRtDDmE6r6pGPOsbF
Ludwig van Beethoven	Coriolan, Op. 62: Overture	Beethoven: Triple Concerto; Overtures	https://open.spotify.com/embed/track/363LVCWmC8oafSBJXsJgB7
Ludwig van Beethoven	Beethoven: Symphony No. 2 in D Major, Op. 36: IV. Allegro molto	Beethoven : Symphonies 1-9	https://open.spotify.com/embed/track/6WKXJwgtSdkDj3fRga7VWy
Ludwig van Beethoven	Polonaise in C Major, Op. 89	Beethoven: Unknown Solo Piano Works	https://open.spotify.com/embed/track/0nkW29HPGGR5mAdmGAz7Nr
Ludwig van Beethoven	String Quartet in F Major, Hess 32: IV. Allegretto	Beethoven: Works for String Quartet	https://open.spotify.com/embed/track/7oUQGjFBKkjfPVWxapIVqf
Ludwig van Beethoven	Piano Concerto No. 2 in B Flat Major, Op. 19: II. Adagio	Beethoven: Piano Concerto No. 2 in B Flat Major, Op. 19: II. Adagio	https://open.spotify.com/embed/track/5YZb7vHyhDkcBb5966O3w1
Ludwig van Beethoven	Symphony No.2 in D, Op. 36: 1. Adagio molto - Allegro con brio	Beethoven: The Symphonies	https://open.spotify.com/embed/track/6CYcGn9ovbglDC9FwLX2VF
Ludwig van Beethoven	Adelaide, Op. 46	Beethoven Songs	https://open.spotify.com/embed/track/1gLNWiPPDeEy0x3bMCJzTH
Ludwig van Beethoven	Piano Sonata No. 23 in F Minor, Op. 57 Appassionata: II. Andante con moto	Beethoven: Piano Sonatas Nos. 8, 14 and 23	https://open.spotify.com/embed/track/6hzNmutKwFvdEXOLnVO6Hq
Ludwig van Beethoven	Beethoven: Symphony No. 2 in D Major, Op. 36: III. Scherzo. Allegro	Beethoven : Symphonies 1-9	https://open.spotify.com/embed/track/4ySqdQH0bhSzuGbBjeJrQm
Ludwig van Beethoven	Violin Sonata No. 9 in A Major, Op. 47 Kreutzer: III. Finale: Presto	Beethoven: Violin Sonatas Nos. 5 and 9	https://open.spotify.com/embed/track/4WkvXiX6onC41Z4TE8Zvra
Ludwig van Beethoven	Piano Sonata No. 24 in F-Sharp Major, Op. 78 À Thérèse: I. Adagio cantabile - Allegro ma non troppo	Beethoven: Piano Sonatas	https://open.spotify.com/embed/track/4GKXSSGsRIS84GFiblU4o6
Ludwig van Beethoven	Piano Sonata No. 17 in D Minor, Op. 31 No. 2 Tempest: III. Allegretto	Beethoven: Piano Sonatas Nos. 17, 21, and 26	https://open.spotify.com/embed/track/3nJ8dqNcnK2wgEW8tygU1M
Ludwig van Beethoven	Violin Concerto In D, Op.61: 1. Allegro ma non troppo	Beethoven: Violin Concerto; Kreutzer Sonata	https://open.spotify.com/embed/track/1btQUVMuLy6Sw4ysYHAOlY
Ludwig van Beethoven	Minuet in G Major, WoO 10, No.2	Pachelbel: Canon   Mozart: Eine kleine Nachtmusik   Albinoni: Adagio	https://open.spotify.com/embed/track/3OZSznT5kEkY4GNqFyf4SG
Ludwig van Beethoven	Symphony No.2 in D, Op.36: 2. Larghetto	Beethoven: The Symphonies	https://open.spotify.com/embed/track/2nSFJWthPNzDgQtxwXy4Sb
Ludwig van Beethoven	Beethoven: String Quartet No. 7 in F Major, Op. 59 No. 1, Razumovsky: IV. Allegro (Russian Theme)	Beethoven Around the World: Vienna, String Quartets Nos 7 & 8	https://open.spotify.com/embed/track/48LZLWlKuyrcp4t0iQJeqd
Ludwig van Beethoven	String Quartet No. 4 in C Minor, Op. 18 No. 4: IV. Allegro	Beethoven: String Quartets Op. 18, Nos. 3 and 4	https://open.spotify.com/embed/track/1mh4fiGXjpCKjNQlzqRctw
Ludwig van Beethoven	Symphony No. 5 in C Minor, Op. 67: 4. Allegro	Beethoven: Symphonies Nos.5 & 7	https://open.spotify.com/embed/track/4IHaNEgvWUD63pMTWrclb2
Ludwig van Beethoven	Beethoven: Symphony No. 6 in F Major, Op. 68 Pastoral: II. Scene am Bach. Andante molto moto	Beethoven: Symphony No. 6 Pastoral	https://open.spotify.com/embed/track/3KtqXXPUS14B8FmNKSlawO
Ludwig van Beethoven	Symphony No. 9 in D Minor, Op. 125 Choral: 1. Allegro ma non troppo, un poco maestoso	Beethoven: Symphony No.9	https://open.spotify.com/embed/track/1OAb3BhCFLohozKSJ2I34R
Ludwig van Beethoven	Piano concerto No. 4 in G Major, Op. 58: II. Andante con moto	Beethoven: Pianos concertos 1 & 4	https://open.spotify.com/embed/track/7EMzkOiQPecIff088DuVvN
Ludwig van Beethoven	Beethoven: Piano Sonata No. 2 in A Major, Op. 2 No. 2: III. Scherzo (Allegretto)	Beethoven: Complete Piano Sonatas	https://open.spotify.com/embed/track/28C6h6WPrrHn4hDabPa10f
Ludwig van Beethoven	Piano Concerto No. 5 in E-Flat Major, Op. 73: II. Adagio un poco mosso	Beethoven: Piano Concertos 1-5	https://open.spotify.com/embed/track/5KLXBrAC16lWoC66kxU7hf
Ludwig van Beethoven	Beethoven: String Quartet No. 12 in E-Flat Major, Op. 127: I. Maestoso - Allegro	Beethoven : String Quartets Op.18/1 and Op.127 (Beethoven volume 6)	https://open.spotify.com/embed/track/6MVYp7bs0KdBZf8qwCt9Yy
Ludwig van Beethoven	Symphony No. 5 in C Minor, Op. 67: 2. Andante con moto	Beethoven: Symphonies Nos.5 & 7	https://open.spotify.com/embed/track/1L0a0dpHaMWgAoEEvFfycT
Ludwig van Beethoven	Piano Sonata No. 23 in F Minor, Op. 57 Appassionata: I. Allegro assai	Beethoven: Piano Sonatas Nos. 8, 14 and 23	https://open.spotify.com/embed/track/6p9oMeYotJ4x5nRoW344ZM
Ludwig van Beethoven	Eroica Dance (Arr. for Piano from Symphony No. 3 in E-Flat Major, Op. 55 by Martin Stadtfeld )	Eroica Dance (Arr. for Piano from Symphony No. 3 in E-Flat Major, Op. 55 by Martin Stadtfeld )	https://open.spotify.com/embed/track/1jY5pdWdQiWYKdpJnMCmSv
Ludwig van Beethoven	Symphony No. 4 in B-Flat Major, Op. 60: I. Adagio - Allegro vivace	Beethoven: Symphonies Nos. 1 - 9	https://open.spotify.com/embed/track/2ZrUsBpfybJTmQAWBeSgVt
Ludwig van Beethoven	Beethoven: Piano Trio No. 7 in B-Flat Major, Op. 97, Archduke: II. Scherzo. Allegro	Beethoven: Piano Trios No. 5, Ghost & No. 7, Archduke	https://open.spotify.com/embed/track/2tTGcRH0xsIOulHZxBlf3J
Ludwig van Beethoven	Piano Sonata No. 29 in B-Flat Major, Op. 106 Hammerklavier: 1. Allegro	Beethoven: Piano Sonatas Nos.28 & 29	https://open.spotify.com/embed/track/6vUQabuV5uTGq9kh6TvgyT
Ludwig van Beethoven	Quartet VII No.1 In F major, Op.59: I. Allegro	Beethoven: Razumovsky Quartets (Op.59, Nos.1-3)	https://open.spotify.com/embed/track/0qGgNiLCG0YsCpHjle4SSO
Ludwig van Beethoven	Romance No. 2 in F Major, Op. 50	Beethoven: Violin Concerto - Romances Nos. 1 & 2	https://open.spotify.com/embed/track/6jfVHN169yG6sufCOmfsIE
Ludwig van Beethoven	Symphony No. 3 in E-Flat Major, Op. 55 Eroica: I. Allegro con brio	Beethoven: Symphonies Nos. 3 and 8	https://open.spotify.com/embed/track/2gEZfkP7wPVw7Gw8p1agva
Ludwig van Beethoven	Symphony No. 9 in D Minor, Op. 125 Choral: 2. Molto vivace	Beethoven: Symphony No.9	https://open.spotify.com/embed/track/2GAcOueBAbwU0kgaXKVAdM
Ludwig van Beethoven	2 Rondos, Op. 51: Rondo in C Major, Op. 51, No. 1	Beethoven: Bagatelles and Dances, Vol. 3	https://open.spotify.com/embed/track/2twAG1D9XkF8NJg3N79Ay8
Ludwig van Beethoven	Beethoven: Symphony No. 1 in C Major, Op. 21: II. Andante cantabile con moto	Beethoven : Symphonies Nos 1 - 9	https://open.spotify.com/embed/track/1FVZppSFBPMaRdmNg6kYnh
Ludwig van Beethoven	Piano Concerto No. 1 in C Major, Op. 15: II. Largo	Beethoven: The Complete Piano Concertos	https://open.spotify.com/embed/track/4dTnxzFkTjtm9w5JkFe9ag
Ludwig van Beethoven	Beethoven: An die ferne Geliebte, Op. 98: III. Leichte Segler in den Höhen	Beethoven: Songs & Folksongs - An die ferne Geliebte, Op. 98: III. Leichte Segler in den Höhen	https://open.spotify.com/embed/track/4sBIG7nINxeNt6HjhSAhN1
Ludwig van Beethoven	Symphony No. 7 in A Major, Op. 92: IV. Allegro con brio	Beethoven: Symphonies Nos. 4 and 7	https://open.spotify.com/embed/track/2CtQ50GdmbvkLNpAektlN5
Ludwig van Beethoven	Beethoven: Symphony No. 6 in F Major, Op. 68 Pastoral: V. Hirtengesang. Frohe und dankbare Gefühle nach dem Sturm. Allegretto	Beethoven: Symphony No. 6 Pastoral	https://open.spotify.com/embed/track/2QQWmnoVPjEvsUTVSs84li
Ludwig van Beethoven	Symphony No. 7 in A Major, Op. 92: III. Presto	Beethoven: Symphonies Nos. 4 and 7	https://open.spotify.com/embed/track/60ua31vRtgwdd18EW2ESJq
Ludwig van Beethoven	Violin Concerto In D, Op.61: 3. Rondo (Allegro)	Beethoven: Violin Concerto; Kreutzer Sonata	https://open.spotify.com/embed/track/3xNxaBV9VBqq8GMOh7iDrN
Ludwig van Beethoven	Septet in E-Flat Major, Op. 20: V. Scherzo. Allegro molto e vivace	Spohr, L.: Nonet, Op. 31   Beethoven, L. Van: Septet, Op. 20	https://open.spotify.com/embed/track/2HQTwLFWR7E0SYm1wP1JfR
Ludwig van Beethoven	Fantasia in C Minor, Op. 80 Choral Fantasy: I. Adagio	The Beethoven Journey: Piano Concerto No. 5 in E-Flat Major, Op. 73 & Fantasia in C Minor, Op. 80 Choral Fantasy	https://open.spotify.com/embed/track/3jN1S3FJif3TpXQx7dSKO4
Ludwig van Beethoven	Beethoven: Triple Concerto for Violin, Cello and Piano in C Major, Op. 56: II. Largo (Live)	Beethoven: Triple Concerto & Schumann: Piano Concerto	https://open.spotify.com/embed/track/1T3CNSTVdbkSPkoyBccOxd
Ludwig van Beethoven	Violin Romance No.1 In G Major, Op.40	Sibelius: Violin Concerto In D Minor, Op.47   Beethoven: Violin Romance No.1 In G Major   Brahms: Violin Concerto In D, Op.77 (The Originals)	https://open.spotify.com/embed/track/2S3qN8s6dS8QR5PthnqI2P
Ludwig van Beethoven	Cello Sonata in G Minor, Op. 5 No. 2: Cello Sonata in G Minor, Op. 5 No. 2: I. Adagio sostenuto e espressivo - Allegro molto più tosto presto	Beethoven: Complete Works for Piano & Cello	https://open.spotify.com/embed/track/5c8BsoCHHBjR5LzPLRuW6T
Ludwig van Beethoven	Beethoven: String Quartet No. 1 in F Major, Op. 18 No. 1: III. Scherzo. Allegro molto	Beethoven Around the World: Philadelphia, String Quartets Nos 1 & 14	https://open.spotify.com/embed/track/2TW0zx4iujSgL3bsoHq4tm
Ludwig van Beethoven	String Quartet No. 15 in A Minor, Op. 132: III. Molto adagio	Beethoven: String Quartets, Opp. 132, 130 & 133	https://open.spotify.com/embed/track/4L3fzc3JVxxGQYMMqQEs1T
Ludwig van Beethoven	Symphony No. 5 in C Minor, Op. 67: 3. Allegro	Beethoven: Symphonies Nos.5 & 7	https://open.spotify.com/embed/track/7ojkji0OYCOpl3UMy92gEf
Ludwig van Beethoven	Symphony No. 5 in C Minor, Op. 67: I. Allegro con brio	Beethoven: Symphonies Nos.5 & 7	https://open.spotify.com/embed/track/6cUCckpdlqHJ5Ascf2uH2A
Ludwig van Beethoven	Symphony No. 7 in A Major, Op. 92: II. Allegretto	Beethoven: Symphonies Nos. 4 and 7	https://open.spotify.com/embed/track/1JRTJHDOBwyaBQ8qBiqmel
Ludwig van Beethoven	String Quartet No. 13 in B-Flat Major, Op. 130: II. Presto	Beethoven: String Quartet, Op. 130   Grosse Fuge, Op. 133	https://open.spotify.com/embed/track/2KyP3cnZ4ZWuLY11rfbAAs
Ludwig van Beethoven	Piano Sonata No. 1 in F Minor, Op. 2, No. 1: II. Adagio	Beethoven: The Complete Piano Sonatas	https://open.spotify.com/embed/track/48ExUJmRvVS7DEXNVBLDB6
Ludwig van Beethoven	Symphony No. 9 in D Minor, Op. 125 Choral: 3. Adagio molto e cantabile	Beethoven: Symphony No.9	https://open.spotify.com/embed/track/69nDKRbYZLGNEkPhImEVGB
Ludwig van Beethoven	Missa Solemnis in D Major, Op. 123: I. Kyrie	Beethoven: Missa Solemnis in D Major, Op. 123	https://open.spotify.com/embed/track/2g6ZbyPZ0R7LyKKSW5PjrD
Ludwig van Beethoven	Symphony No. 3 in E-Flat Major, Op. 55 Eroica: III. Scherzo: Allegro vivace	Beethoven: Symphonies Nos. 3 and 8	https://open.spotify.com/embed/track/3SyKsXPooQlF7jDggFeiHl
Ludwig van Beethoven	Egmont, Op. 84: Overture	Beethoven, L. van: Egmont   Ah, perfido	https://open.spotify.com/embed/track/2cN3DKBEAq7MAc6aUElXVJ
Ludwig van Beethoven	Beethoven: Symphony No. 6 in F Major, Op. 68 Pastoral: I. Erwachen heiterer Empfindungen bei der Ankunft auf dem Lande. Allegro ma non troppo	Beethoven: Symphony No. 6 Pastoral	https://open.spotify.com/embed/track/5UbN3fe9OB1p5KwjgUAHD4
Ludwig van Beethoven	Piano Concerto No. 4 in G Major, Op. 58: I. Allegro moderato	Beethoven: Piano Concertos Nos. 3 and 4	https://open.spotify.com/embed/track/2VviQKhocUnugPmHXEMWZn
Ludwig van Beethoven	Fantasia in C Minor, Op. 80 Choral Fantasy: II. Finale. Allegro - Allegretto, ma non troppo, quasi andante con moto	The Beethoven Journey: Piano Concerto No. 5 in E-Flat Major, Op. 73 & Fantasia in C Minor, Op. 80 Choral Fantasy	https://open.spotify.com/embed/track/1aLs8G7GNBWLloglhNP0Nd
Orlande de Lassus	Dixit Martha ad Jesum à 9	Orlando di Lasso: Laudate Dominum	https://open.spotify.com/embed/track/2OJzMHyFuZbraIlk78nPNB
Orlande de Lassus	Beatus Nicolaus à 8	Orlando di Lasso: Laudate Dominum	https://open.spotify.com/embed/track/4VXrl7NLaz3XdNLIOXpdoL
Orlande de Lassus	Te Deum laudamus à 6	Orlando di Lasso: Laudate Dominum	https://open.spotify.com/embed/track/7Aap3GXbDUUX3lsh2BpqHr
Orlande de Lassus	Ad Dominum cum tribularer à 6	Orlando di Lasso: Laudate Dominum	https://open.spotify.com/embed/track/3WPzV1tysiOuj2BBiRNykx
Orlande de Lassus	Domine Dominus noster à 6	Orlando di Lasso: Laudate Dominum	https://open.spotify.com/embed/track/43xFq2kjnqQRGO1LyN1c3F
Orlande de Lassus	Aurora lucis rutilat à 10	Orlando di Lasso: Laudate Dominum	https://open.spotify.com/embed/track/7kTip3cN8BBMWyu0pYlO7c
Orlande de Lassus	Musica Dei donum optimi à 6	Orlando di Lasso: Laudate Dominum	https://open.spotify.com/embed/track/2dniPmsCxFkijJXR3Qnpwr
Orlande de Lassus	Bone Jesu verbum Patris à 8	Orlando di Lasso: Laudate Dominum	https://open.spotify.com/embed/track/30nrPro1LcwIuziStBy9tV
Orlande de Lassus	Laudate Dominum quoniam bonus est à 7	Orlando di Lasso: Laudate Dominum	https://open.spotify.com/embed/track/1hEmZaysfmGN4RwW4pgrqJ
Orlande de Lassus	Omnia tempus habent à 8	Orlando di Lasso: Laudate Dominum	https://open.spotify.com/embed/track/2fCuEo1M1q0SqzBGt3PO8w
Orlande de Lassus	Alma redemptoris mater à 8	Orlando di Lasso: Laudate Dominum	https://open.spotify.com/embed/track/5lUEThAOgsjeXM8P3WD8hJ
Orlande de Lassus	Laudate Dominum omnes gentes à 12	Orlando di Lasso: Laudate Dominum	https://open.spotify.com/embed/track/4XOSsCo6z1u6yJCuf6uOOB
Orlande de Lassus	Mira loquor sed digna fide à 10	Orlando di Lasso: Laudate Dominum	https://open.spotify.com/embed/track/3XShcJL86zuNttLtt0UisB
Franz Schubert	Schubert: Ave Maria, D. 839	Schubert : Lieder	https://open.spotify.com/embed/track/3eLlW0GegkXy3o92t51xaJ
Franz Schubert	4 Impromptus, Op.90, D.899: No.4 in A Flat Major: Allegretto	Schubert: Impromptus Opp.90 & 142	https://open.spotify.com/embed/track/4acoaqSa5dno7qMFExRG2w
Franz Schubert	Piano Sonata No. 13 in A Major, D. 664: I. Allegro moderato	Wilhelm Kempff, Piano (Vol.2)	https://open.spotify.com/embed/track/0aVFVffGcvdUIhvrLpxvdI
Franz Schubert	Die Forelle, Op. 32, D. 550	Schubert: Lieder	https://open.spotify.com/embed/track/7lCqzDWT6GPECGp0TzMnR7
Franz Schubert	Winterreise D.911: Erste Abteilung: Gute Nacht	Schubert: Winterreise D.911	https://open.spotify.com/embed/track/4czjSVTWBP3JiEYBA9Guad
Franz Schubert	Overture in C Major in Italian Style, Op. 170, D. 591	Schubert: Symphony No. 5   Symphony No. 6   Overture in C Major	https://open.spotify.com/embed/track/7gL4uJ2bTX0TL5GjBmbvBS
Franz Schubert	Symphony No. 6 in C Major, D. 589: I. Adagio. Allegro	Schubert: Symphony No. 5   Symphony No. 6   Overture in C Major	https://open.spotify.com/embed/track/5n2CXMi5TgTrS9MxxFC5u5
Franz Schubert	Wohin?, Op. 25, No. 2, D. 795	Schubert Sessions: Lieder with Guitar	https://open.spotify.com/embed/track/5lr5TbocNLOgf4FAH2Wi3d
Franz Schubert	Schwanengesang, D. 957: Schwanengesang, D. 957: Ständchen	Schubert: Schwanengesang	https://open.spotify.com/embed/track/2egYFLjRGuzt8lYM1Yznz2
Franz Schubert	4 Impromptus, D. 899, Op. 90: No. 3 in G-Flat Major	Schubert: Impromptus, D. 899 (Op. 90) & D. 935 (Op. 142)	https://open.spotify.com/embed/track/5XHb9dbX8TxrDx5HCcJMn2
Franz Schubert	Introduction and Variations for Flute and Piano in E Minor, D. 802 Op. posth. 160: No. 3, Variation I	Beethoven, Schubert, Weber: Works for Flute and Piano	https://open.spotify.com/embed/track/6kjMfRBEqmySWZiqndkzhC
Franz Schubert	Piano Quintet in A major, D. 667 The Trout: 3. Scherzo (Presto)	Schubert: Trout Quintet   Wolf: Italian Serenade   Mozart: Eine kleine Nachtmusik	https://open.spotify.com/embed/track/3O4Rl1D1MiLliQml4atM5D
Franz Schubert	4 Impromptus, Op.90, D.899: No.2 in E Flat Major: Allegro	Schubert: Impromptus Opp.90 & 142	https://open.spotify.com/embed/track/7GnpnKqlXW9RkPmyBR2VEf
Franz Schubert	Symphony No.5 In B Flat, D.485: 1. Allegro	Schubert: Symphonies Nos.5 & 8   Dvorák: Symphony No.9   Schumann: Symphony No.4	https://open.spotify.com/embed/track/5lhSgRzSBQh0CsGOt4TUAh
Franz Schubert	Piano Quintet in A Major, D. 667, Op. 114 Trout: IV. Tema con variazioni. Andantino	Schubert: Piano Quintet in A Major, D. 667 Trout - Mozart: Clarinet Quintet in A Major, K. 581	https://open.spotify.com/embed/track/27zDvwytPIiMdGpqFOkQTJ
Franz Schubert	Symphony No. 9 in C Major, D. 944 Great: II. Andante con moto	Schubert: Symphony No. 8 in B Minor, D. 759 Unfinished & Symphony No. 9 in C Major, D. 944 Great	https://open.spotify.com/embed/track/4HLN0plDb30UwLJSHgxJQQ
Franz Schubert	Symphony No. 3 in D Major, D. 200: II. Allegretto (Live)	R. Schumann: Symphony No. 1, Op. 38 Spring - Schubert: Symphony No. 3, D. 200 (Live)	https://open.spotify.com/embed/track/1ePX4ayS80SUWOQZReBwQt
Franz Schubert	String Quintet in C Major, Op. 163, D. 956: II. Adagio	Schubert: String Quintet in C Major   String Trio in B-Flat Major	https://open.spotify.com/embed/track/5cYneFoq3QPdoQkVIoLEvH
Franz Schubert	Schubert: Symphony No. 1 in D Major, D. 82: II. Andante	Schubert - Symphonies Nos. 1 & 6 Unfinished	https://open.spotify.com/embed/track/66FSkKmgnMet1SQWsd3T6h
Franz Schubert	Symphony No. 8 in B Minor, D. 759 Unfinished: 1. Allegro moderato	Schubert: Symphony No.8 Unfinished   Mendelssohn: Symphony No.4 Italian	https://open.spotify.com/embed/track/52GmHO5DikTIKc3yBmTTT1
Franz Schubert	Piano Quintet in A Major, D. 667, Op. 114 Trout: V. Allegro giusto	Schubert: Piano Quintet in A Major Trout, Arpeggione Sonata in A Minor & Piano Trio in E-Flat Major Notturno	https://open.spotify.com/embed/track/7CJPkeKl25RXxuMYeaCByE
Franz Schubert	String Quartet No. 13 in A Minor, Op. 29 No. 1, D. 804: I. Allegro ma non troppo	Schubert: String Quartets Nos. 10 & 13	https://open.spotify.com/embed/track/3Kl3KMDm4W0lbm4XJYy6Zy
Franz Schubert	Violin Sonata in A Minor, Op. 137 No. 2, D. 385: I. Allegro moderato	Schubert: Violin Sonatas & Fantasy in C Major	https://open.spotify.com/embed/track/6kmK269VzYJy18GzWOCnVd
Franz Schubert	Die schöne Müllerin, Op. 25, D. 795: No. 19 Der Müller und der Bach	Schubert: Songs without Words	https://open.spotify.com/embed/track/1BIErb2Vkyllmjjrz651oC
Franz Schubert	Fantasy in C Major, D. 934	Schubert: Violin Sonatas & Fantasy in C Major	https://open.spotify.com/embed/track/3EqGhxpO0ILnUbyAwjY2Dz
Franz Schubert	Octet in F Major, D. 803: IV. Andante with variations	Schubert: Octets, D. 803 and D. 72	https://open.spotify.com/embed/track/3qr6Q9ud3XL43pFruOihRg
Franz Schubert	Erlkönig, D. 328 (Op.1)	The Art of Bryn Terfel	https://open.spotify.com/embed/track/4oomOHx8NgPq2flBcGxtxD
Franz Schubert	Der Hirt auf dem Felsen, Op. 129, D. 965	Schubert: Lied Edition 26 - Romantic Poets, Vol. 3	https://open.spotify.com/embed/track/17GXyzGzRAi47XroCPda40
Franz Schubert	Piano Sonata No.15 in C, D.840: 2. Andante	Mitsuko Uchida plays Schubert	https://open.spotify.com/embed/track/6WE2vVhrk7MmWSEF28QgwR
Franz Schubert	Der Gondelfahrer, Op. 28, D.809	Schubert: Male Choruses	https://open.spotify.com/embed/track/7ulFzeemDntVFHFQyJIRFB
Franz Schubert	Schubert: Wiegenlied, D. 498: Schlafe, schlafe(Langsam)	Schubert: Lieder	https://open.spotify.com/embed/track/4J4TWCAQOp4eFBitzkkpvR
Franz Schubert	Piano for Four Hands, D. 947, Lebensstürme: Allegro in A Minor	Schubert: Piano Music for Four Hands	https://open.spotify.com/embed/track/1KVaMoHoYd4BGv6KQKuy5t
Franz Schubert	Der Jüngling an der Quelle, D.300	Schubert: Die schöne Müllerin	https://open.spotify.com/embed/track/7sbQJf4TMKDO5UpkwKKCxC
Franz Schubert	Schubert: String Quintet in C Major, D. 956: II. Adagio	Schubert: Quintet and Lieder	https://open.spotify.com/embed/track/25mDxI046ioWDZZgSF2MYT
Franz Schubert	Arpeggione Sonata in A Minor, D. 821, Arpeggione: I. Allegro moderato	Schubert: Arpeggione Sonata   Schumann: Fantasiestücke	https://open.spotify.com/embed/track/3cZo0kMDKVpybhAkJVU57p
Franz Schubert	Die schöne Müllerin, D.795: 1. Das Wandern	Schubert: Die schöne Müllerin	https://open.spotify.com/embed/track/5Av7oLA9nU8LfbHKVUzNsA
Franz Schubert	Trout Quintet: Andante	Schubert: Trout Quintet	https://open.spotify.com/embed/track/1U9KqLPDGaQoONW8bcONko
Franz Schubert	Violin Sonata in G Minor, Op. 137 No. 3, D. 408: IV. Allegro moderato	Schubert: 3 Violin Sonatas, Op. 137	https://open.spotify.com/embed/track/0Qw0OjeLJ29Mg9FWbD4z6L
Franz Schubert	Piano Sonata No.18 in G, D.894: 4. Allegretto	Schubert: Piano Works 1822-1828	https://open.spotify.com/embed/track/1kbkxiArBp3r8HRs1QEWZg
Franz Schubert	Piano Sonata No.14 In A Minor, D.784: 3. Allegro vivace	Schubert: Sonata D784; 6 Moments Musicaux D780; 2 Scherzi D593	https://open.spotify.com/embed/track/27tjtWoZ7chIXBLVTrqG8u
Franz Schubert	Nacht und Traume, D. 827	Schubert: Lied Edition 15 - Friends, Vol. 2	https://open.spotify.com/embed/track/5VpO9oiRQpHuoUaO4G8AVb
Franz Schubert	Symphony No. 8 in B Minor, D. 759 Unfinished: II. Andante con moto	Schubert: Symphony No. 8 in B Minor, D. 759 Unfinished & Symphony No. 9 in C Major, D. 944 Great	https://open.spotify.com/embed/track/6WIABwSr2Kc7GvyiPutt9F
Franz Schubert	Piano Quintet In A Major, Op. 114, D 667 - The Trout: 1. Allegro vivace	Schubert: Forellenquintett - Trout Quintet	https://open.spotify.com/embed/track/58qUgGCJHP0WLvsCeXhGia
Franz Schubert	Symphony No. 2 in B-Flat major, D. 125: II. Andante	Schubert: Symphony No. 1 & 2	https://open.spotify.com/embed/track/5Q6P1DQGtytOnMUCyvlBS2
Franz Schubert	Symphony No. 2 in B-Flat Major, D.125: I. Largo — Allegro vivace	Schubert: Symphony No. 2	https://open.spotify.com/embed/track/4UxYzsmPu7HZ791dBjefLc
Giovanni Pierluigi da Palestrina	Missa Viri Galilaei: Missa Viri Galilaei: Agnus Dei	Early Music Masterpieces	https://open.spotify.com/embed/track/2eyNi2CJWXRCpRRidyGrVp
Giovanni Pierluigi da Palestrina	Palestrina: Sicut Lilium Inter Spinas	Renaissance Radio	https://open.spotify.com/embed/track/45gZHttLcyRctUHnwUt58n
Giovanni Pierluigi da Palestrina	Sicut cervus	Like as the Hart	https://open.spotify.com/embed/track/6xzg8scb8U1jkvDFWUscPU
Giovanni Pierluigi da Palestrina	Ad Te Levavi Oculos Meos	Palestrina	https://open.spotify.com/embed/track/2qzdpy8vBl6eScmT0Ggajz
Giovanni Pierluigi da Palestrina	Palestrina: Alma redemptoris	Nativitas	https://open.spotify.com/embed/track/4oNGU7zMvvsdTA2rZh4Rdh
Giovanni Pierluigi da Palestrina	Missa Aeterna Christi Munera: 5. Agnus Dei	The Flowering of Renaissance Choral Music (7 CDs)	https://open.spotify.com/embed/track/38dRl91RGyHKsOg2B2v7Ig
Giovanni Pierluigi da Palestrina	Litaniae de Beata Virgine Maria, 8vv	Allegri: Miserere   Palestrina: Stabat Mater	https://open.spotify.com/embed/track/0MnvwFVVz7ZaDCSzL5ehUv
Giovanni Pierluigi da Palestrina	Palestrina: Missa Brevis - 13. Agnus Dei 2	The Tallis Scholars Sing Palestrina	https://open.spotify.com/embed/track/7zurR7oUDbuqPDdA7cYNwV
Giovanni Pierluigi da Palestrina	Tu es Petrus a 6	Roma æterna	https://open.spotify.com/embed/track/6IqYpSQ1Qu4DxZMluiMWqJ
Giovanni Pierluigi da Palestrina	Missa sine nomine a 6: Credo	Palestrina: Missa Sine Nomine   Missa L'Homme Arme   Motets	https://open.spotify.com/embed/track/4sG6jZziKBvvkxIFwgrvE2
Giovanni Pierluigi da Palestrina	Peccantem me quotidie	Allegri: Miserere, etc.	https://open.spotify.com/embed/track/2Bc7bNOdrq3MtTOlwuVY7m
Giovanni Pierluigi da Palestrina	Palestrina: Canticum Canticorum (Motets, Book 4): No. 2, Trahe me, post te	Palestrina: Canticum Canticorum	https://open.spotify.com/embed/track/02yRH9pSikUOws7Yu5gIgb
Giovanni Pierluigi da Palestrina	Magnificat primi toni	A Choral Tapestry	https://open.spotify.com/embed/track/7kv2w33T09kMriN59GUqvl
Giovanni Pierluigi da Palestrina	Salve Regina	How Fair Thou Art: Biblical Passions by Giovanni Pierluigi da Palestrina	https://open.spotify.com/embed/track/40yprUq6e3FCBau3soDfMA
Giovanni Pierluigi da Palestrina	Motets for 5-8 Voices: Book 1 for 5-7 Voices: Quem vidistis pastores (secunda pars)	Palestrina, G.P. Da: Choral Music (O Magnum Mysterium)	https://open.spotify.com/embed/track/5YI1RrgWkCu9SGRhCpDdBu
Giovanni Pierluigi da Palestrina	Madrigals, Book 1 (Il primo libro di madrigali): Deh, or foss'io col vago della luna	Palestrina: Il primo libro de Madrigali a qauttro voci	https://open.spotify.com/embed/track/70klAeiBjlOkxppeFHEQU5
Giovanni Pierluigi da Palestrina	Masses, Book 11, Missa Quando lieta sperai: Gloria In Excelsis Deo	Palestrina: Miss ex cipriano de rore	https://open.spotify.com/embed/track/6PdWRjhozxY8EjmWtlq7q7
Giovanni Pierluigi da Palestrina	Ricercar del primo tuono	Fugue Around The Clock	https://open.spotify.com/embed/track/2cU4z0EX93ULyROhYoPo0E
Giovanni Pierluigi da Palestrina	Palestrina : Motets, Book 4, 'Canticum canticorum' : Nigra sum, sed formosa	Palestrina : Missa pro defunctis & Motets	https://open.spotify.com/embed/track/0zB14lmO1JlqpRo25Cx618
Giovanni Pierluigi da Palestrina	Assumpta Est Maria a 6	Music from the Sistine Chapel	https://open.spotify.com/embed/track/2x15yaLETxKNCVQRMkuBY4
Giovanni Pierluigi da Palestrina	Lamentations, Book 3: Manum suam misit hostis	Vocal Music (Renaissance) - Victoria, T.L. De   Gesualdo, C.   White, R.   Palestrina, G.P. Da (Lamentations)	https://open.spotify.com/embed/track/0dbVvN3CkarvnFxf178ilE
Giovanni Pierluigi da Palestrina	Missa Papae Marcelli: Kyrie	Palestrina: Missa Papae Marcelli	https://open.spotify.com/embed/track/46JsxiI6tGMzipdW6CY40H
Giovanni Pierluigi da Palestrina	Stabat Mater (8vv)	A Spotless Rose	https://open.spotify.com/embed/track/0YN6BjZ7vw5j9bVrsdQWtB
Giovanni Pierluigi da Palestrina	Osculetur me	Song of Songs	https://open.spotify.com/embed/track/1JwQIEJfgXOcseip08iP4J
Johann Sebastian Bach	Sonata for Viola da Gamba No. 3 in G Minor, BWV 1029: II. Adagio	Bach Trios	https://open.spotify.com/embed/track/6bj2r3CKqXhMnvb07VY4iR
Johann Sebastian Bach	Goldberg Variations, BWV 988: Variation 3 a 1 Clav. Canone all'Unisono	Bach: The Goldberg Variations, BWV 988 (1981 Gould Remaster)	https://open.spotify.com/embed/track/5SJFZnECoKeTLy7PPVLLbF
Johann Sebastian Bach	Brandenburg Concerto No.5 in D, BWV 1050: 1. Allegro	Bach, J.S.: Brandenburg Concertos etc.	https://open.spotify.com/embed/track/7ImuASnzYk9YHn3isFjZ0j
Johann Sebastian Bach	Wachet auf, ruft uns die Stimme, Cantata BWV 140: 4. Zion hört die Wächter singen	Bach, J.S.: Cantata BWV 140, Magnificat BWV 243	https://open.spotify.com/embed/track/1k82bzEjGy47GX0EbVPseH
Johann Sebastian Bach	Keyboard Concerto No. 5 in F Minor, BWV 1056: I. [Allegro]	Bach: A Strange Beauty	https://open.spotify.com/embed/track/2KKSrG7ImkM3Mho3RcQ9vI
Johann Sebastian Bach	Concerto No. 4 in G major, BWV 1049: I. Allegro	J. S. Bach: Brandenburg Concertos	https://open.spotify.com/embed/track/24UDkOLbWHqmjPgD1UJmyC
Johann Sebastian Bach	Concerto in D Minor for Two Violins, BWV 1043: Concerto in D Minor for Two Violins, BWV 1043: II. Largo ma non tanto	J.S. Bach: Solo & Double Violin Concertos	https://open.spotify.com/embed/track/0hIr784kGfRf5EVFGP1dFi
Johann Sebastian Bach	Concerto for 2 Keyboards in C Minor, BWV 1062: II. Andante e piano	Bach, J.S.: Harpsichord Concertos, Vol. 3	https://open.spotify.com/embed/track/2CtvY5R3OpZgsJ4i9sK9V5
Johann Sebastian Bach	Concerto in the Italian Style in F Major, BWV 971: I. Allegro	Bach, J.S.: Favourite Piano Works	https://open.spotify.com/embed/track/5vaj19JrnNJfkdKgMRXUiV
Johann Sebastian Bach	Bach, JS: Concerto for 4 Pianos in A Minor, BWV 1065: II. Largo	J.S. Bach Piano Concertos BWV1052, 1054, 1056, 1058, 1065	https://open.spotify.com/embed/track/0VWoObL6qtPElJHIOygiym
Johann Sebastian Bach	Concerto No. 4 in G major, BWV 1049: II. Andante	J. S. Bach: Brandenburg Concertos	https://open.spotify.com/embed/track/6gi9UGQqI7ff5ABqz9fBEb
Johann Sebastian Bach	Keyboard Concerto No. 5 in F Minor, BWV 1056: II. Largo	Bach: A Strange Beauty	https://open.spotify.com/embed/track/7qfuAHc88ZCpkVh5nCbcE5
Johann Sebastian Bach	Toccata and Fugue in D minor	Great Organ Classics	https://open.spotify.com/embed/track/0BWJNm4TrO6H3qgiCmDBjM
Johann Sebastian Bach	Brandenburg Concerto No. 3 in G Major, BWV 1048: I. [Allegro]	Bach: Six Concertos for the Margrave of Brandenburg	https://open.spotify.com/embed/track/4tXktBBrKGTebkYjvzFA3i
Johann Sebastian Bach	Sonata in E-Flat, BWV 1031: Siciliana	The Best Of James Galway	https://open.spotify.com/embed/track/1IbmFWmIEZJVefbwox883w
Johann Sebastian Bach	An Wasserflüssen Babylon, BWV 653b	A Bach Notebook for Trumpet	https://open.spotify.com/embed/track/0bzMulVeyWdTaln6CmN8OE
Johann Sebastian Bach	Herz und Mund und Tat und Leben, Cantata BWV 147: Jesu, Joy Of Man's Desiring	The King's Collection	https://open.spotify.com/embed/track/7HnyTAPhNP463hhYz6mr69
Johann Sebastian Bach	Unaccompanied Cello Suite No. 1 in G major, BWV 1007: IV. Sarabande	Six Evolutions - Bach: Cello Suites	https://open.spotify.com/embed/track/2wSo5WfMpeqtrBqFz0OI5g
Johann Sebastian Bach	Mass in B Minor, BWV 232: Aria. Agnus Dei	J.S. Bach: Alto Arias	https://open.spotify.com/embed/track/6oLEe0I8ahPPvpQIVRAK3Q
Johann Sebastian Bach	Bach, J.S.: Violin Partita No. 2 in D Minor, BWV 1004: V. Chaconne	Bach - Solo Violin Sonatas	https://open.spotify.com/embed/track/5Z1kjTgKJVWvEizpZc3G1S
Johann Sebastian Bach	Sonata No. 2 for Violin & Harpsichord in A Major, BWV 1015: IV. Presto	Bach, J.S.: Sonatas for Violin and Harpsichord, Vol. 1	https://open.spotify.com/embed/track/1QFmPjmzRL9WiJwIOGiakM
Johann Sebastian Bach	Organ Sonata No. 4, BWV 528: 2. Andante [Adagio] (Transcr. by August Stradal)	Johann Sebastian Bach	https://open.spotify.com/embed/track/3PNwbEb6fPU4hdzhrQhBMC
Johann Sebastian Bach	Gottes Zeit ist die allerbeste Zeit, Sonatina az Actus tragicus-ból, BWV 106	Kurtág, Bach: Játékok	https://open.spotify.com/embed/track/00aDIFoAGclK8p9cP2NaHg
Johann Sebastian Bach	Lute Suite in E Minor, BWV 996 (Arr. J. Williams for Guitar): IV. Sarabande	Bach: Lute Suites, Vol. I	https://open.spotify.com/embed/track/1LpBu9DMOmscT94Rbf2y2v
Johann Sebastian Bach	Matthäus-Passion: Erster Teil, 1. Chorus I & II Kommt, ihr Töchter, helft mir klagen	J.S. Bach: St Matthew Passion, BWV 244 (Matthäus-Passion)	https://open.spotify.com/embed/track/7nVJBlD3jmbaq3w6iv6Ygm
Johann Sebastian Bach	Suite for Solo Cello No. 6 in D Major, BWV 1012: V. Gavotte I-II	Bach: Six Suites for Solo Cello	https://open.spotify.com/embed/track/6o1XguDe7aKv2ImHNlmarz
Johann Sebastian Bach	Schweigt stille, plaudert nicht Cantata, BWV 211 Coffee Cantata: 4. Arie: Ei! wie smeckt Coffee süße	Emma Kirkby - A Portrait	https://open.spotify.com/embed/track/5uMP8DUgwlLc3GdqSZkXkV
Johann Sebastian Bach	Orchestral Suite No. 3 in D Major, BWV 1068: II. Air	Orpheus Chamber Orchestra - Baroque Highlights	https://open.spotify.com/embed/track/4BUWHTRRZVd2HHk6osb7vW
Johann Sebastian Bach	Goldberg Variations, BWV 988: Variatio 7 a 1 ovvero 2 Clav. Al tempo di Giga	Bach: Goldberg Variations (Deluxe Edt. Studio + Live)	https://open.spotify.com/embed/track/01ToFCTjqHEhOZ3ZLZiCFr
Johann Sebastian Bach	Sarabande, BWV 1012 - Cello Suite No. 6, Arr. Fryer	A Bach Notebook for Trumpet	https://open.spotify.com/embed/track/6ufUTUoNWfSS8Nrd55oiVT
Johann Sebastian Bach	Flute Sonata in E Minor, BWV 1034: III. Andante	Bach, J.S.: Flute Sonatas, Vol. 1	https://open.spotify.com/embed/track/6AYQsTYqfnOEeKGwxNRDoG
Johann Sebastian Bach	Prelude & Fugue in C Minor (Well-Tempered Clavier, Book I, No. 2), BWV 847: 1. Prelude	Johann Sebastian Bach	https://open.spotify.com/embed/track/4EnXtpzuHWrNHVhKUPWWXP
Johann Sebastian Bach	Brandenburg Concerto No. 3 in G Major, BWV 1048: II. [Adagio]	Bach: Six Concertos for the Margrave of Brandenburg	https://open.spotify.com/embed/track/1WElPRZWP8kDIQm2fY5dJu
Johann Sebastian Bach	Goldberg-Variationen, BWV 988: I. Aria	Bach: Goldberg Variations - Preludes & Fugues, Vol. 1	https://open.spotify.com/embed/track/0VI8QAH1YupPK6xdCJuwpn
Johann Sebastian Bach	Orchestral Suite No. 2 in B Minor, BWV 1067: Orchestral Suite No. 2 in B Minor, BWV 1067: I. Ouverture	J.S. Bach: Alto Arias	https://open.spotify.com/embed/track/0yEAfXPzmkyszPUWIaWPOy
Johann Sebastian Bach	Weihnachts-Oratorium, BWV 248, Pt. 1: Jauchzet, frohlocket	Bach: Weihnachts-Oratorium, BWV 248	https://open.spotify.com/embed/track/5NyC6I8fq4dAfwh1ERuF4u
Johann Sebastian Bach	Mass in B Minor, BWV 232: Kyrie eleison (Chorus)	Bach: Mass in B Minor	https://open.spotify.com/embed/track/6x1QRAqo5Ud8ZmcL0U0NJE
Johann Sebastian Bach	Violin Partita No. 3 in E Major, BWV 1006 (arr. P. Galbraith): III. Gavotte en rondeau	Bach, J.S.: Sonatas and Partitas (Arr. for Guitar)	https://open.spotify.com/embed/track/19vP4ZOsTZNkodbUPJpdb5
Johann Sebastian Bach	Flute Sonata in C Major, BWV 1033: II. Allegro	Bach, J.S.: Flute Sonatas, Vol. 2	https://open.spotify.com/embed/track/0eTMYTpZEf6gUvTjgRBEzi
Johann Sebastian Bach	Widerstehe doch der Sünde, BWV 54 (Transcr. by Víkingur Ólafsson)	Johann Sebastian Bach	https://open.spotify.com/embed/track/2osarsEzIBqwjqfikEXaRq
Johann Sebastian Bach	Concerto in D Minor, BWV 974: 2. Adagio	J.S. Bach: Concerto in D Minor, BWV 974, 2. Adagio	https://open.spotify.com/embed/track/0SeNqSjFo0oTPi2Il7ZaAf
Johann Sebastian Bach	Concerto for 2 Keyboards in C Minor, BWV 1062: I. Allegro	Bach, J.S.: Harpsichord Concertos, Vol. 3	https://open.spotify.com/embed/track/6tGLa8kJr0sa4cvAFTC2ly
Johann Sebastian Bach	Violin Partita No. 3 in E Major, BWV 1006: II. Loure	Bach: Violin Sonatas & Partitas	https://open.spotify.com/embed/track/547VV5ljOwIz8aVAiuzpav
Johann Sebastian Bach	St. Matthew Passion, BWV 244 - Part One: 1. Kommt, ihr Töchter, helft mir klagen	Bach, J.S.: St. Matthew Passion BWV 244	https://open.spotify.com/embed/track/3KEWaqqdnB05DTOjgdQFwD
Johann Sebastian Bach	Keyboard Concerto in A Minor BWV 1065: I. Allegro	J.S. Bach Piano Concertos BWV1052, 1054, 1056, 1058, 1065	https://open.spotify.com/embed/track/41xh0S7KvmpSeQq3jjWxIC
Johann Sebastian Bach	Unaccompanied Cello Suite No. 1 in G major, BWV 1007: I. Prélude	Six Evolutions - Bach: Cello Suites	https://open.spotify.com/embed/track/5mRrklQD0rvuN6sV10HfPn
Johann Sebastian Bach	The Well-Tempered Clavier: Book 1, BWV 846-869: 1. Prelude	Bach: The Well-Tempered Clavier I	https://open.spotify.com/embed/track/4SFBV7SRNG2e2kyL1F6kjU
Johann Sebastian Bach	Goldberg Variations, BWV 988: Var. 1	Bach: Goldberg Variations, BWV 988	https://open.spotify.com/embed/track/78sZ6qdT6HFK2NZPSoClLa
Johann Sebastian Bach	Bach, JS   Orch. Marriner: Was mir behagt, ist nur die muntre Jagd, BWV 208: IX. Schafe können sicher weiden	The Best of the Academy	https://open.spotify.com/embed/track/2JOXTg7PdMetphuHjckQHI
Johann Sebastian Bach	Violin Partita No. 3 in E Major, BWV 1006: I. Preludio	Bach: Violin Partitas Nos. 2, 3 & Violin Sonata No. 3	https://open.spotify.com/embed/track/3v15ABcWsIOcCoQ74MQJcF
Johann Sebastian Bach	Concerto in D Minor for Two Violins, BWV 1043: Concerto in D Minor for Two Violins, BWV 1043: I. Vivace	J.S. Bach: Solo & Double Violin Concertos	https://open.spotify.com/embed/track/3p6MzX67qzgzgHlGaq62HM
Wolfgang Amadeus Mozart	Piano Concerto No.20 in D minor, K.466: 2. Romance - Live At Severance Hall, Cleveland   2010	Mozart: Piano Concertos No.20 in D minor, K.466 & No.27 in B flat, K.595	https://open.spotify.com/embed/track/5iNbFdlGQ7d1y2HfIfvdNP
Wolfgang Amadeus Mozart	Piano Sonata No. 15 in F Major, K. 533: III. Rondo	Mozart: Piano Sonatas, Vol. 3	https://open.spotify.com/embed/track/6zsDYkoCRpnBC8ky7PBXR2
Wolfgang Amadeus Mozart	Piano Concerto No.27 in B flat, K.595: 2. Larghetto	Mozart: Piano Concertos No.20 in D minor, K.466 & No.27 in B flat, K.595	https://open.spotify.com/embed/track/2TDYhUsCuLEK0mkPZCYKPV
Wolfgang Amadeus Mozart	Symphony No. 40 in G Minor, K. 550: I. Allegro molto	Mozart: Symphonies Nos. 40, 28 and 31	https://open.spotify.com/embed/track/1O2hifLpcfAItR4rbPZMZo
Wolfgang Amadeus Mozart	Sonata For Piano And Violin In E Minor, K.304: 2. Tempo di minuetto	Mozart: Violin Sonatas K.301, 304, 376 & 526	https://open.spotify.com/embed/track/4DsbdOinvRPoD2ax4DhxMU
Wolfgang Amadeus Mozart	Clarinet Concerto in A Major, K. 622: III. Rondo (Allegro)	Mozart: Clarinet Concerto K.622; Flute & Harp Concerto K.299	https://open.spotify.com/embed/track/2Gek7Zx0Da783vx8pGC5nV
Wolfgang Amadeus Mozart	Symphony No.25 in G minor, K.183: 1. Allegro con brio	Mozart: Symphony No. 40, 41 & 25	https://open.spotify.com/embed/track/64ta7ZvTJeThz7Ns4LmAHS
Wolfgang Amadeus Mozart	Oboe Concerto in C Major, K. 314: I. Allegro aperto - Cadenza: Randall Wolfgang	Mozart: Horn Concertos Nos.2 & 3; Oboe Concerto; Bassoon Concerto	https://open.spotify.com/embed/track/1YaRs2I2Qzxykq0YSwG2NE
Wolfgang Amadeus Mozart	Fantasia in D Minor, K.397	Mozart: Piano Sonatas K.310, K.311 & K.533/494	https://open.spotify.com/embed/track/7IHEJdJhju1F2rhIiwgawx
Wolfgang Amadeus Mozart	Le nozze di Figaro, K. 492, Act II No. 12: Arietta - Voi, che sapete	Mozart: Nozze Di Figaro (Le) (The Marriage of Figaro)	https://open.spotify.com/embed/track/0TTNwVdKcuH9ATbqugYEAq
Wolfgang Amadeus Mozart	Mozart: String Quartet No. 19 in C Major, Op. 10 No. 6, K. 465 Dissonance: II. Andante cantabile	Mozart String Quartets	https://open.spotify.com/embed/track/5kdo1YLFqSfjTGgxNCwpN9
Wolfgang Amadeus Mozart	Sonata for 2 pianos in D, K.448: 1. Allegro con spirito	Mozart: Music for 2 Pianos; Piano Duets (2 CDs)	https://open.spotify.com/embed/track/3UkKnjU33EiKspyDjNPTOO
Wolfgang Amadeus Mozart	Violin Concerto No. 3 in G Major, K. 216: I. Allegro	Mozart: Violin Concertos Nos. 3 and 5	https://open.spotify.com/embed/track/4Ttwu48n64RiLSLsbfvsVX
Wolfgang Amadeus Mozart	Serenade No. 13 in G Major, K. 525 Eine kleine Nachtmusik: II. Romanze: Andante	Mozart: Kleine Nachtmusik (Eine)   Serenata Notturna   Divertimento No. 10	https://open.spotify.com/embed/track/6u3UVuVTsLY3K1phDc3RH6
Wolfgang Amadeus Mozart	Mozart: Zaide, K. 344/336b, Act 1 Scene 3: No. 3, Arie, Ruhe sanft, mein holdes Leben (Zaide)	Mozart Heroines	https://open.spotify.com/embed/track/3w14gk0C0Vn5elVzbDjrMI
Wolfgang Amadeus Mozart	Adagio in E Major, K. 261	Mozart: Works for Violin & Orchestra	https://open.spotify.com/embed/track/2vBuaUzWANdghLfM1nF0Yw
Wolfgang Amadeus Mozart	Requiem in D minor, K.626: 3. Sequentia: Lacrimosa	Mozart: Requiem; Kyrie in D minor	https://open.spotify.com/embed/track/1mmXDAOAfUJU9b1c5F2xwx
Wolfgang Amadeus Mozart	Piano Sonata No. 11 in A Major, K. 331: III. Rondo alla turca: Allegretto	Mozart: Piano Sonatas, Vol. 4 (Piano Sonatas Nos. 3, 7, 11 and 18)	https://open.spotify.com/embed/track/33GB50O3qfm9Lm7p9k8UXl
Wolfgang Amadeus Mozart	Ave verum corpus	The Music of King's: Choral Favourites from Cambridge	https://open.spotify.com/embed/track/7L36HeoNZeNaTj5O5PpKAV
Wolfgang Amadeus Mozart	Piano Sonata No. 8 in A Minor, K. 310: II. Andante cantabile con espressione	Glenn Gould plays Mozart: The Piano Sonatas (No. 10: Recordings of 1958 & 1970); Fantasias K. 397 & K. 475; Fantasia & Fugue K. 394; Piano Concerto No. 24 K. 491	https://open.spotify.com/embed/track/4e5cryEBKczzZ5aUISNm6u
Wolfgang Amadeus Mozart	Mozart: Piano Concerto No. 21 in C Major, K. 467: II. Andante	Amadeus - Best of Mozart	https://open.spotify.com/embed/track/01QJ0UbSTP9Y49R4Q9qiFs
Wolfgang Amadeus Mozart	Violin Sonata No. 22 in A Major, K. 305: I. Allegro di molto	Mozart: Violin Concertos Nos. 3, 4 & Violin Sonata No. 22	https://open.spotify.com/embed/track/23FTbX8itC4H9SxYiUFP3v
Wolfgang Amadeus Mozart	Symphony No. 6 in F Major, K. 43: IV. Allegro	Mozart: Symphonien Nos. 6, 8, 38, Prague	https://open.spotify.com/embed/track/6rKY18VCrU7y6k1ZEd6NWY
Wolfgang Amadeus Mozart	Don Giovanni, ossia Il dissoluto punito, K.527   Act 2: Don Giovanni, a cenar teco m'invitasti	Mozart: Don Giovanni	https://open.spotify.com/embed/track/4uxvvTbmuTKJky7w2LVXTW
Wolfgang Amadeus Mozart	Violin Concerto No. 3 in G Major, K. 216: III. Rondeau. Allegro	Mozart: Violin Concertos Nos. 3 and 5	https://open.spotify.com/embed/track/6FsZ18UDDTkr1DYVQ3kr5S
Wolfgang Amadeus Mozart	Mass In C, K.317 Coronation: 2. Gloria	Mozart: Coronation Mass ; Exsultate, jubilate; Vesperae Solennes	https://open.spotify.com/embed/track/4Qo0JK0vJfmWe8uX1PWgOe
Wolfgang Amadeus Mozart	Serenade No. 12 in C Minor, K. 388: II. Andante	Mozart: Wind Serenades	https://open.spotify.com/embed/track/5jahnGcLiUJ534BdDmmgwq
Wolfgang Amadeus Mozart	Requiem in D minor, K.626: 3. Sequentia: Confutatis	Mozart: Requiem; Kyrie in D minor	https://open.spotify.com/embed/track/5J3CFaekfy2ZVOGw2Cw7zr
Wolfgang Amadeus Mozart	Serenade in D, K.250 Haffner: 4. Rondo (Allegro)	Mozart: The Great Serenades	https://open.spotify.com/embed/track/5XFuVuVjpJgiZWMpAwB9g2
Wolfgang Amadeus Mozart	Die Zauberflöte, K. 620: Act II: Pa-Pa-Pa-Pa-Pa-Pa-Papagena!	Mozart: Zauberflöte (Die) (The Magic Flute)	https://open.spotify.com/embed/track/4UnxIiplmfTPX564EjCsrP
Wolfgang Amadeus Mozart	Sonata For Piano And Violin In E Minor, K.304: 1. Allegro	Mozart: Violin Sonatas K.301, 304, 376 & 526	https://open.spotify.com/embed/track/6giz82ama99FWnAzbC6sV2
Wolfgang Amadeus Mozart	Requiem in D minor, K.626: 1. Introitus: Requiem	Mozart: Requiem; Kyrie in D minor	https://open.spotify.com/embed/track/3V4FF9d8nBWfFR3fJ8uXEp
Wolfgang Amadeus Mozart	Divertimento in B-Flat Major, K. Anh. 227: I. Allegro	Mozart: Wind Serenades	https://open.spotify.com/embed/track/3ZC6ibxbELAePyeC9zrekg
Wolfgang Amadeus Mozart	Die Zauberflöte, K. 620: Ouverture	Mozart: Zauberflöte (Die) (The Magic Flute)	https://open.spotify.com/embed/track/5XsF5yMccCdhVx8y8mTzNE
Wolfgang Amadeus Mozart	Die Zauberflöte   Act 2: Der Hölle Rache kocht in meinem Herze	Mozart: Die Zauberflöte	https://open.spotify.com/embed/track/74R148YlWFrVqVTM1gjq6A
Wolfgang Amadeus Mozart	Requiem in D minor, K.626: 3. Sequentia: Dies irae	Mozart: Requiem; Kyrie in D minor	https://open.spotify.com/embed/track/2d7C38EFmRjhBoDVQlkBwq
Wolfgang Amadeus Mozart	Die Entführung Aus Dem Serail - Arie : Ach, iche liebte, war so...	Mozart: Opera Arias	https://open.spotify.com/embed/track/6ce2irPKNzScUnTO6NU6GV
Wolfgang Amadeus Mozart	Ein Musikalischer Spass (A Musical Joke), K. 522: IV. Presto	Mozart: Night Music	https://open.spotify.com/embed/track/1JF6A1WXU4ihyJataKSGgF
Wolfgang Amadeus Mozart	Così fan tutte, K. 588: Overture	Mozart: Così Fan Tutte	https://open.spotify.com/embed/track/28xKJRqwWxdc2oRPqptj1G
Wolfgang Amadeus Mozart	Piano Concerto No.20 in D minor, K.466: 1. Allegro	Mozart: Piano Concertos No.20 in D minor, K.466 & No.27 in B flat, K.595	https://open.spotify.com/embed/track/26Sy5Q3KlhTap2zVcAAVFc
Wolfgang Amadeus Mozart	Mozart: Clarinet Concerto in A Major, K. 622: II. Adagio	Mozart: Clarinet Concerto/Debussy: Première Rhapsodie/Takemitsu: Fantasma/Cantos	https://open.spotify.com/embed/track/2fYOyayT80ysO3nxw9lKXn
Wolfgang Amadeus Mozart	Vesperae solennes de confessore, K. 339: V. Laudate Dominum	Mozart: Solemn Vespers	https://open.spotify.com/embed/track/1P4P6FJh734Fh2jF6GZ13A
Wolfgang Amadeus Mozart	Serenade in B-Flat Major, K. 361 Gran Partita: III. Adagio	Mozart: Serenade in B Flat - Gran Partita; Serenade in E Flat	https://open.spotify.com/embed/track/5Zf5prtvv7KRQ1J6kNn4C6
Wolfgang Amadeus Mozart	Symphony No. 41 in C Major, K. 551 Jupiter: I. Allegro vivace	Mozart: Symphonies Nos. 25, 32 and 41	https://open.spotify.com/embed/track/7zrjXpTiMLft7pocXKTw4f
Wolfgang Amadeus Mozart	Le nozze di Figaro, K. 492: Sinfonia	Mozart: Nozze Di Figaro (Le) (The Marriage of Figaro)	https://open.spotify.com/embed/track/4rjnWmrSRqXVkFWdKMG3pV
Wolfgang Amadeus Mozart	Piano Sonata No.15 In F, K.533/494: 1. Allegro, K.533 - 2002 Recording	Mozart: Piano Sonatas K.310, K.311 & K.533/494	https://open.spotify.com/embed/track/4pwpFOJfxFcKNTIAjMPbLw
Wolfgang Amadeus Mozart	Mozart: Horn Concerto No. 4 in E-Flat Major, K. 495: II. Romance. Andante cantabile	Mozart Horn Concertos	https://open.spotify.com/embed/track/5fz765COUg9h2zX2g19Nid
Wolfgang Amadeus Mozart	Mozart: Horn Concerto No. 4 in E-Flat Major, K. 495: III. Rondo. Allegro vivace	Mozart Horn Concertos	https://open.spotify.com/embed/track/6lahDdvnop8ywxGtohMVEm
Wolfgang Amadeus Mozart	String Quartet No.19 In C, K.465 - Dissonance: 3. Allegretto	Mozart: The Haydn Quartets	https://open.spotify.com/embed/track/43bXHIc6QZLBEdr2c7VNvo
Wolfgang Amadeus Mozart	Klavierstück in F Major, K. 33b	Piano Magic	https://open.spotify.com/embed/track/5O7SV284GeCFqs0wGfpYqb
Wolfgang Amadeus Mozart	Serenade No. 13 in G Major, K. 525 Eine kleine Nachtmusik: I. Allegro	Mozart: Kleine Nachtmusik (Eine)   Serenata Notturna   Divertimento No. 10	https://open.spotify.com/embed/track/7kCQHbrTpu7lzm22uGMKMG
Wolfgang Amadeus Mozart	Don Giovanni, K. 527: Overture	Mozart: Don Giovanni	https://open.spotify.com/embed/track/1BV6DvEvU0GgvJHFgU8IN6
Wolfgang Amadeus Mozart	Violin Concerto No. 4 in D Major, K. 218: 1. Allegro	Mozart: Violin & Wind Concertos	https://open.spotify.com/embed/track/3Vlzg3ZIrn6r26UZxwxawi
Wolfgang Amadeus Mozart	Piano Sonata No. 16 in C Major, K. 545 Sonata facile: 1. Allegro	Piano Book (Deluxe Edition)	https://open.spotify.com/embed/track/51xHvAUYQfhY29GcGlBM0n
Claudio Monteverdi	Madrigals, Book 8 (Madrigali guerrieri et amorosi...libro ottavo), Madrigali amorosi, Altri canti di Marte: 'Altri canti di Marte, e di sua schiera'	Claudio Monteverdi: The Eighth Book of Madrigals - Madrigals of Love	https://open.spotify.com/embed/track/0icDoAiIvGfPqWp9sYqIzP
Claudio Monteverdi	Come dolce oggi l'auretta, SV 173	Monteverdi: La dolce vita	https://open.spotify.com/embed/track/7cUxZjBJC0eUsBfzaCIK3W
Claudio Monteverdi	Parlo, miser, o taccio?	Monteverdi, C.: Madrigals, Book 7, Concerto (Il Settimo Libro De Madrigali, 1619)	https://open.spotify.com/embed/track/3BbIZPGl7TGEiUARCLlTyy
Claudio Monteverdi	Anima dolorosa	Monteverdi: Madrigals, Book 4	https://open.spotify.com/embed/track/6U3woKlkK04UMGxGvmx05u
Claudio Monteverdi	Madrigals, Book 8 (Madrigali guerrieri et amorosi...libro ottavo), Madrigali amorosi, Altri canti di Marte: 'Due begli occhi fur l'armi, onde traffitta'	Claudio Monteverdi: The Eighth Book of Madrigals - Madrigals of Love	https://open.spotify.com/embed/track/614S92anLRz2zZC6FaDFPA
Claudio Monteverdi	Monteverdi: L'incoronazione di Poppea, SV 308, Act 3: Pur ti miro (Neron, Popea)	Monteverdi: Teatro d'amore	https://open.spotify.com/embed/track/5NinL2jNwjeRpHwTFeRSv9
Claudio Monteverdi	L'Orfeo - Act 1: Lasciate i monti	Monteverdi: 1610 Vespers/Madrigals/Orfeo	https://open.spotify.com/embed/track/4ELG5wARGGRJJZdz3uvOZf
Claudio Monteverdi	Se tu mi lasci, perfida, tuo danno: Se tu mi lassi, perfida, tuo danna	Monteverdi, C.: Madrigals, Book 2 (Il Secondo Libro De' Madrigali, 1590)	https://open.spotify.com/embed/track/1rA9SDmym4wkkBXfVjhyGq
Claudio Monteverdi	Rimanti in pace a la dolente e bella: 2a parte - Ond'ei, di morte la sua faccia impressa	Monteverdi, C.: Madrigals, Book 3 (Il Terzo Libro De' Madrigali, 1592)	https://open.spotify.com/embed/track/5rBCSSBdpWN0onafBkXxtw
Claudio Monteverdi	O dolce anima mia, dunque e pur vero	Monteverdi, C.: Madrigals, Book 3 (Il Terzo Libro De' Madrigali, 1592)	https://open.spotify.com/embed/track/0VGJKVwjNEb8f6GYRrW0Vq
Claudio Monteverdi	Vattene pur, crudel, con quella pace: 3a parte - Poi ch'ella in se torno, deserto e muto	Monteverdi, C.: Madrigals, Book 3 (Il Terzo Libro De' Madrigali, 1592)	https://open.spotify.com/embed/track/6gfuSo7FBx3GmYyjHBXLUv
Claudio Monteverdi	A quest'olmo, a quest'ombre	Monteverdi, C.: Madrigals, Book 7, Concerto (Il Settimo Libro De Madrigali, 1619)	https://open.spotify.com/embed/track/5OBYR1RLIc3LA305TQCrxa
Claudio Monteverdi	Vespro della beata vergine, SV 206: Faux-bourdon Domine ad adjuvandum me	Monteverdi: Vespro	https://open.spotify.com/embed/track/0WwuT2qefwJQPoKWCQ6Ez0
Claudio Monteverdi	Madrigals, Book 7: Tirsi e Clori, SV 145	Monteverdi Sessions	https://open.spotify.com/embed/track/4cQLaPSdYVMX78Mfej26zv
Claudio Monteverdi	Ch'io non t'ami, cor mio?	Monteverdi, C.: Madrigals, Book 3 (Il Terzo Libro De' Madrigali, 1592)	https://open.spotify.com/embed/track/0kt5qCvozB95rwbbH2HXut
Claudio Monteverdi	Antiphona: Laetatus sum (Psalmus 121)	Monteverdi: Vespro della beata Vergine	https://open.spotify.com/embed/track/7BDoSNk2F9BIbqVbWN6TY2
Claudio Monteverdi	Monteverdi : Orfeo : Act 1 Rosa del ciel, vita del mondo [Orfeo]	Monteverdi : Orfeo	https://open.spotify.com/embed/track/3RqsefF1qXGYgDql167Fvh
Claudio Monteverdi	Monteverdi: Madrigals, Book 8: Lamento della ninfa, SV 163: IV. Amor	Monteverdi: Teatro d'amore	https://open.spotify.com/embed/track/7tWqMDmmO2w21QqFpuJcu8
Claudio Monteverdi	Monteverdi: L'Orfeo, favola in musica, SV 318, Prologue: Toccata	Monteverdi: Orfeo	https://open.spotify.com/embed/track/3KnRtRDJDQDmEApy7cicTG
Claudio Monteverdi	Che se tu se’il cor mio	Monteverdi: Madrigals, Book 4	https://open.spotify.com/embed/track/3AZm2T3FWsB1PJKKgvXoCd
Claudio Monteverdi	Scherzi musicali, cioè arie, et madrigali in stil recitativo: Zefiro torna, SV 251	The Beauty Of Monteverdi	https://open.spotify.com/embed/track/2H8ovTucYP9RF4bFpLFKwT
Claudio Monteverdi	Symphonia: Tempro la cetra	Monteverdi, C.: Madrigals, Book 7, Concerto (Il Settimo Libro De Madrigali, 1619)	https://open.spotify.com/embed/track/4c7OLvRsFqlugtJWZxOC8O
Claudio Monteverdi	Quarto libro de madrigali: Io me son giovinetta, SV 86	The Beauty Of Monteverdi	https://open.spotify.com/embed/track/28ittXgG3F3R7Ib31NGzvA
Claudio Monteverdi	Il ritorno d'Ulisse in patria, SV 325, Act I: Prologue. Mortal cosa son io	Monteverdi: Il ritorno d'Ulisse in patria, SV 325	https://open.spotify.com/embed/track/7MAQyVcWSW93p5pMlDLSzo
Claudio Monteverdi	Madrigals, Book 5, SV 94–106: Cruda amarilli, SV 94	Monteverdi: Madrigals, Books 5 & 6	https://open.spotify.com/embed/track/4BB4YwowXQZbFMAy5nGwQL
Claudio Monteverdi	Selva morale e spirituale, SV 252-288: Dixit Dominus secondo, SV 264	Monteverdi: Selva morale e spirituale	https://open.spotify.com/embed/track/7tPW5yMQEf9CFJDwQfuAKl
Claudio Monteverdi	Canzonette a tre voci, SV 1-21: I. Qual si può dir, SV 1	Monteverdi: Canzonette a tre voci, Venice 1584	https://open.spotify.com/embed/track/6SUVwrQV13zfz5mnsmZS6S
Claudio Monteverdi	Anima mia, perdona	Monteverdi: Flaming Heart - Madrigals	https://open.spotify.com/embed/track/5SPpZnvO60KkoxxmMXBWS0
Claudio Monteverdi  Sancta Maria succurre miseris   Sancta Maria succurre miseris   https://open.spotify.com/embed/track/41a0au49u185BMXmQ8f6IQ   
Claudio Monteverdi	Crudel, perche mi fuggi	Monteverdi, C.: Madrigals, Book 2 (Il Secondo Libro De' Madrigali, 1590)	https://open.spotify.com/embed/track/1zc0j1RPsiI622Gbb1JrbI
Claudio Monteverdi	Monteverdi: Madrigals, Book 8: Ballo, SV 154b	Monteverdi: Teatro d'amore	https://open.spotify.com/embed/track/5BSMABm5nhqrCwyVPfCCi8
Claudio Monteverdi	Madrigals, Book 5, SV 94–106: Ecco, piegando le ginocchie a terra, SV 97d	Monteverdi: Madrigals, Books 5 & 6	https://open.spotify.com/embed/track/57w39mgj8zWcb4hJUE7Fqs
Claudio Monteverdi	Quel augellin che canta	MONTEVERDI: Madrigali Erotici e Spirituale	https://open.spotify.com/embed/track/5cm24JXzXtMDYbjiNCg4si
Claudio Monteverdi	Gira il nemico insidioso Amore	Monteverdi, C.: Madrigals, Book 8 (La Venexiana)	https://open.spotify.com/embed/track/6JVUthLX4OM3YJl1z6qrT1
Claudio Monteverdi	Vespro della Beata Virgine - Arr. Philip Pickett: Versiculum: Deus in adiutorium	Monteverdi: 1610 Vespers/Madrigals/Orfeo	https://open.spotify.com/embed/track/2W8HoSQZNvdRIBDOiThlfs
Claudio Monteverdi	Il quarto libro de madrigali (1603): Si ch'io vorrei morire	Monteverdi: Madrigals	https://open.spotify.com/embed/track/3ABmvFyXpzAZdxxuInVKo5
Claudio Monteverdi	Lumi, miei cari lumi	Monteverdi, C.: Madrigals, Book 3 (Il Terzo Libro De' Madrigali, 1592)	https://open.spotify.com/embed/track/7r1F6WKz6EWfFNzMCtLKv7
Claudio Monteverdi	Dolcissimi legami di parole amorose	Monteverdi, C.: Madrigals, Book 2 (Il Secondo Libro De' Madrigali, 1590)	https://open.spotify.com/embed/track/5spjJZLFkFlPF973CGqSC4
Claudio Monteverdi	Vespro della beata Vergine (1610): Concerto - Duo Seraphim	Vespro della beata Vergine 1610	https://open.spotify.com/embed/track/1TBWQPWMbaEoXabONiwQyo
Claudio Monteverdi	L'Orfeo, Atto secondo: V. Tu se’ morta	Claudio Monteverdi: L'Orfeo	https://open.spotify.com/embed/track/0p7DdR53ZAxHTaqsE2GGb3
Claudio Monteverdi	Missa in illo tempore: Sanctus	Monteverdi: Missa in Illo Tempore Magnificat a 6 Voci	https://open.spotify.com/embed/track/7e1kUDeHTWdTPVTcmPzoXm
Claudio Monteverdi	Monteverdi: L'Orfeo, favola in musica, SV 318, Prologue: Ritornello … Dal mio permesso amato a voi ne vegno (La Musica)	Monteverdi: Orfeo	https://open.spotify.com/embed/track/0coxsqGqjdmlPIh8Cx2vWd
Richard Wagner	Lohengrin: Prelude	Wagner, R.: Orchestral Highlights From Operas	https://open.spotify.com/embed/track/2x6mect1PKsrxXmsg2O23B
Richard Wagner	Parsifal   Act 3: Wie dünkt mich doch die Aue heut so schön - Karfreitagszauber	Wagner: Parsifal - Highlights	https://open.spotify.com/embed/track/4YdLA4kxmuaJEMhXOYfbHD
Richard Wagner	Lohengrin, WWV 75: Mein lieber Schwan!	Wagner: Essentials	https://open.spotify.com/embed/track/2WSJaKbu2e3wfM4FuJh2fz
Richard Wagner	Tannhäuser, WWV 70   Act 3: Allmächt'ge Jungfrau, hör mein Flehen!	Richard Strauss: Four Last Songs   Wagner: Arias from Tannhäuser	https://open.spotify.com/embed/track/3HoO8VUfyXwkgqwaIrVM7u
Richard Wagner	Tannhauser, Act II: Entrance of the Guests	Wagner, R.: Orchestral Highlights From Operas	https://open.spotify.com/embed/track/49AlzX6xEt4s9NSS9jrjd9
Richard Wagner	Wesendonck Lieder, WWV 91: Der Engel	Wagner	https://open.spotify.com/embed/track/19vO5SGuRIzG8bHpgnTHee
Richard Wagner	Lohengrin: Treulich gefuhrt ziehet dahin	Wagner, R.: Scenes From Lohengrin and Siegfried	https://open.spotify.com/embed/track/77Vw9pWmr1T9V9cs1RuU6l
Richard Wagner	Siegfried Idyll, WWV 103	Wagner: Concert Overtures	https://open.spotify.com/embed/track/2Pv8x9h2XxsMtnOsLxwHG9
Richard Wagner	Die Meistersinger von Nürnberg, WWV 96   Act 3: Selig, wie die Sonne	Wagner: Die Meistersinger von Nürnberg	https://open.spotify.com/embed/track/12i2QXRtwdx7QTL4IDojIp
Richard Wagner	Das Rheingold, WWV 86A, Scene 4: Abendlich strahlt der Sonne Auge (Live)	Wagner: Das Rheingold, WWV 86A	https://open.spotify.com/embed/track/2eRxuKaWG2FJy6Q5FuquT2
Richard Wagner	Die Walküre, WWV 86B   Act 1: Schläfst du, Gast?...Der Männer Sippe saß hier	Wagner: Die Walküre	https://open.spotify.com/embed/track/5BDIQEtnvYf4A2VJvt3TP7
Richard Wagner	Die Walküre, WWV 86B   Act 3: Hier bin ich, Vater	Wagner: Die Walküre	https://open.spotify.com/embed/track/2MmgNZf4BX1iTA7zIoGOCI
Richard Wagner	Parsifal   Act 2: Komm, holder Knabe!	Wagner: Parsifal - Highlights	https://open.spotify.com/embed/track/0llxF5eXpRCLncvKnV5RdU
Richard Wagner	Wagner: Tristan und Isolde, Act 2: Einsam wachend in der Nacht (Brangäne)	Wagner : Tristan und Isolde	https://open.spotify.com/embed/track/7hVykp1rVnRwGrjJkURE3q
Richard Wagner	Siegfried, WWV 86C, Act I: Prelude	Wagner: Siegfried, WWV 86C	https://open.spotify.com/embed/track/7yYMZNTvsJnFLjij7uc8GN
Richard Wagner	Parsifal: Act III: Good Friday Spell	Wagner: Orchestral Excerpts, Vol. 2	https://open.spotify.com/embed/track/7rarGAvKNJNzy4ryR2oro5
Richard Wagner	Lohengrin, WWV 75   Act 3: Atmest du nicht mit mir die süßen Düfte?	Wagner: Lohengrin (Highlights)	https://open.spotify.com/embed/track/6WIBfonmEpRgXQiaJNXctQ
Richard Wagner	Tristan und Isolde   Act 3: Mild und leise wie er lächelt	Wagner: Tristan und Isolde	https://open.spotify.com/embed/track/4SkJKfnGhQCikozqxyNXjP
Richard Wagner	Götterdämmerung, WWV 86D, Prologue: Vorspiel	Wagner: Götterdämmerung, WWV 86D	https://open.spotify.com/embed/track/4TYGGH9PYjjyNI5CzK2u44
Richard Wagner	Die Walküre, WWV 86B   Act 1: Wes Herd dies auch, hier muß ich rasten	Wagner: Die Walküre	https://open.spotify.com/embed/track/6f5EgLutvqBPnBOAFKhEjd
Richard Wagner	Symphony in C Major: II. Andante ma non troppo, un poco maestoso	Wagner: Symphony in C Major, Tristan und Isolde, Siegfried Idyll	https://open.spotify.com/embed/track/63LuatqjEm6RW3i469H4W0
Richard Wagner	Die Walküre, WWV 86B   Act 3: Hojotoho! Heiaha!	Wagner: Die Walküre	https://open.spotify.com/embed/track/0aStTOTxkS2vFyqJOfPf3d
Richard Wagner	Siegfried, WWV 86C, Act III: Siegfried! Siegfried! Seliger Held!	Wagner: Siegfried, WWV 86C	https://open.spotify.com/embed/track/3Qi23PJACRZ8zv6G8IvBGS
Richard Wagner	Lohengrin, Act III: Prelude	Wagner, R.: Orchestral Highlights From Operas	https://open.spotify.com/embed/track/2H4ebPbSQ1NqOYOUU5D2VM
Richard Wagner	Parsifal: Parsifal, Act I: The Journey to Montsalvat (The Castle of the Guardians of the Grail)	Wagner, R.: Opera Choruses	https://open.spotify.com/embed/track/0TJng3UXAI0u7eyiD201eg
Richard Wagner	Tannhauser, Introduction to Act III: Tannhauser's Pilgrimage	Wagner, R.: Orchestral Highlights From Operas	https://open.spotify.com/embed/track/0AtB50yvbfslJAoMzRvbEq
Richard Wagner	Siegfried, WWV 86C, Act II: Prelude	Wagner: Siegfried, WWV 86C	https://open.spotify.com/embed/track/5mGFLrN7GuOwuXejBnZBr2
Richard Wagner	Parsifal: Prelude to Act I	Wagner, R.: Orchestral Highlights From Operas	https://open.spotify.com/embed/track/3M7eO8yERmLBSnTpg3p3RV
Richard Wagner	Eine Faust-Ouvertüre	Wagner: Overtures - Marches - Symphony in E - Siegfried Idyll	https://open.spotify.com/embed/track/26zgOGJ3HqyB7klpPGE4kb
Richard Wagner	Tristan und Isolde, WWV 90: Act I Scene 3: O Wunder! Wo hatt' ich die Augen? (Brangane, Tristan)	Wagner, R.: Tristan Und Isolde	https://open.spotify.com/embed/track/4cgx0zIWlLYXCXphMlFEzG
Richard Wagner	Tannhäuser, WWV 70   Act 2: Dich, teure Halle, grüß ich wieder	Richard Strauss: Four Last Songs   Wagner: Arias from Tannhäuser	https://open.spotify.com/embed/track/5dBHELm9dGc3kKsPeYIYKd
Richard Wagner	Wagner : Die Walküre : Act 1 Winterstürme wichen dem Wonnemond [Siegmund]	Wagner : Die Walküre [Bayreuth, 1991]	https://open.spotify.com/embed/track/7BpJ4Nw58bkmf2awhplYyM
Richard Wagner	Götterdämmerung, WWV 86D, Prologue: Siegfrieds Rheinfahrt	Wagner: Götterdämmerung, WWV 86D	https://open.spotify.com/embed/track/5loYnrcJ1XTIbs0MXKntlr
Richard Wagner	Die Meistersinger von Nürnberg, WWV 96   Act 3: Morgenlich leuchtend	Wagner: Die Meistersinger von Nürnberg	https://open.spotify.com/embed/track/001eyxfoYptAWzvF4ewLrR
Richard Wagner	Die Meistersinger von Nürnberg, Act 3: Prelude (Orchester)	Wagner: Die Meistersinger	https://open.spotify.com/embed/track/2pQdZKD3zuOfQKRYjMFjf3
Richard Wagner	Wesendonck Lieder, WWV 91: Schmerzen	Wagner: Wesendonk Lieder; Tristan & Isolde: Prelude & Liebestod	https://open.spotify.com/embed/track/6LkfxwQWOxY9cfQc1Zn8GJ
Richard Wagner	Götterdämmerung, WWV 86D, Act III: Vorspiel	Wagner: Götterdämmerung, WWV 86D	https://open.spotify.com/embed/track/0Pe9MWkG9q4mDeWAI77JlE
Richard Wagner	Das Liebesverbot: Overture	Wagner: Overtures	https://open.spotify.com/embed/track/4h77bvYWQD1890DfmtEHfK
Richard Wagner	Götterdämmerung, WWV 86D, Act III: Siegfrieds Trauermarsch	Wagner: Götterdämmerung, WWV 86D	https://open.spotify.com/embed/track/6JmduA0I9QYtD1RiHQgWjj
Richard Wagner	Die Walküre, WWV 86B   Act 1: Du bist der Lenz	Wagner: Die Walküre	https://open.spotify.com/embed/track/3hWo1vRyTrkS1lI4BMdcv0
Richard Wagner	Die Meistersinger von Nürnberg, WWV 96: Overture	Wagner, R.: Orchestral Highlights From Operas	https://open.spotify.com/embed/track/41bZLobGbA6vSSrVFLAEui
Richard Wagner	Tannhauser: Venusberg Music	Wagner, R.: Orchestral Highlights From Operas	https://open.spotify.com/embed/track/6yMaPPKnArGWWMhD9w2VrZ
Richard Wagner	Siegfried, WWV 86C, Act III: Ewig war ich, ewig bin ich	Wagner: Siegfried, WWV 86C	https://open.spotify.com/embed/track/55kKLI0NFSkjHoDKftn1vd
Richard Wagner	Symphony In E Major, WWV 35: I. Allegro Con Spirito	Wagner: Symphonies In E Major & C Major	https://open.spotify.com/embed/track/27DC12Py5Cs6oJnkA8v2Yb
Richard Wagner	Symphony in C Major: I. Sostenuto e maestoso	Wagner: Symphony in C Major, Tristan und Isolde, Siegfried Idyll	https://open.spotify.com/embed/track/4TjyDeIoLr6HmzdrMBSXow
Richard Wagner	Tannhauser: Overture	Wagner, R.: Orchestral Highlights From Operas	https://open.spotify.com/embed/track/1U1i1HBJ5H8DY5J4fO8ySg
Richard Wagner	Die Meistersinger von Nürnberg (The Mastersingers of Nuremberg): The Mastersingers of Nuremberg, Act III: Finale (excerpts)	Wagner, R.: Opera Choruses	https://open.spotify.com/embed/track/0QDND4ABikAWZFfiepCYrP
Richard Wagner	Die Walküre, WWV 86B   Act 1: Orchestervorspiel	Wagner: Die Walküre	https://open.spotify.com/embed/track/2tn9Hf5ErsHvhDFKZFaqqm
Richard Wagner	Die Walküre, WWV 86B   Act 3: Leb wohl, du kühnes, herrliches Kind	Wagner: Die Walküre	https://open.spotify.com/embed/track/3JjGDVzq9HKgDJhdf3V4nE
Richard Wagner	Symphony In E Major, WWV 35: II. Adagio Cantabile	Wagner: Symphonies In E Major & C Major	https://open.spotify.com/embed/track/0b0Qj95orjydO2W9MIeWy3
Franz Joseph Haydn	Haydn: Symphony No. 94 in G Major, Hob. I:94 Surprise: IV. Allegro di molto	Haydn: Symphonies Nos 94 Surprise & 104 London	https://open.spotify.com/embed/track/3ywsgxwRMClaMZLa18UVu3
Franz Joseph Haydn	Symphony No. 99 in E-Flat Major, Hob. I:99: IV. Finale. Vivace	HAYDN: Symphonies, Vol. 18 (Nos. 80, 81, 99)	https://open.spotify.com/embed/track/0ciWtFtg7EgkbpgLt7QCXk
Franz Joseph Haydn	Symphony No. 98 in B-Flat Major, Hob.I:98: II. Adagio	HAYDN: Symphonies, Vol. 14 (Nos. 97, 98)	https://open.spotify.com/embed/track/3ztDaaQa6SW8tP9YbhVTOp
Franz Joseph Haydn	Cello Concerto No. 1 in C Major, Hob.VIIb:1: III. Allegro molto	Haydn: Cello Concertos in C & D	https://open.spotify.com/embed/track/0Gh45IbIKOG9IucFfrZqLT
Franz Joseph Haydn	String Quartet, Op. 76, No. 4 in B-Flat Minor, 'Sunrise': I. Allegro con spirito	Haydn's Nature	https://open.spotify.com/embed/track/6P1gWrlBHEy2A6Er26Lqwl
Franz Joseph Haydn	Concerto for Cello and Orchestra in D Major, Hob.VIIb:2: Concerto for Cello and Orchestra in D Major, Hob.VIIb:2: I. Allegro moderato	Haydn: Cello Concertos	https://open.spotify.com/embed/track/5XNAL6XHnU1VaswYKQ9co1
Franz Joseph Haydn	Concerto for Trumpet and Orchestra, in E-flat Major Hob.VIIe: 1: II. Andante	Wynton Marsalis: The London Concert	https://open.spotify.com/embed/track/3LK6ejlzAPgknRdoGA9jkl
Franz Joseph Haydn	Trio No. 97 in D Major: Adagio cantabile	Haydn: Baryton Trios	https://open.spotify.com/embed/track/4rlbyLN64HPN22NfRz52uE
Franz Joseph Haydn	The 7 Last Words of Christ, Op. 51: L'introduzione. Maestoso ed adagio, Hob. III:50	Haydn: The 7 Last Words of Jesus Christ, Op. 51 & String Quartet No. 68 in D Minor, Op. 103	https://open.spotify.com/embed/track/27PZ9hcsLL3vwtUDkKeEYO
Franz Joseph Haydn	Symphony No. 94 in G Major Surprise: IV. Finale: Allegro molto	Haydn: Symphony Nos. 104 & 94 'Surprise'	https://open.spotify.com/embed/track/4chm0GkaUjWYTPnRhsmWgP
Franz Joseph Haydn	Symphony No. 45 in F-Sharp Minor, Hob. I:45, Farewell: I. Allegro assai	Haydn: Symphonies, Vol. 4 (Nos. 45, 48, 102)	https://open.spotify.com/embed/track/6aYJpLwpu2oHdL5LaLyYhb
Franz Joseph Haydn	Cello Concerto No. 1 in C Major, Hob. VIIb:1: I. Moderato	Haydn: Cello Concertos (Remastered)	https://open.spotify.com/embed/track/5Dcrc4FKYFZ1K2X29d0UpM
Franz Joseph Haydn	Sonata in D Major, Hob. XVI:37: II. Largo e sostenuto	Haydn & Scarlatti: Chiaro e scuro	https://open.spotify.com/embed/track/3QAy6Mog08zbI2puUi6PE5
Franz Joseph Haydn	Mass No. 10 in C Major, Hob. XXII:9, Paukenmesse: Gloria. Qui tollis peccata mundi	Haydn, J.: Masses, Vol. 4 - Masses Nos. 8, Mariazellermesse and 10, Paukenmesse	https://open.spotify.com/embed/track/2b5Zv9dbs7huaba2qQJELC
Franz Joseph Haydn	The Creation, Hob. XXI:2: Part I, No.1: Die Vorstellung des Chaos (The Representation of Chaos)	Haydn: Schöpfung (Die) (The Creation)	https://open.spotify.com/embed/track/4YXav47p5xlYvZcq9a57Wb
Franz Joseph Haydn	Keyboard Trio No. 27 in C Major, Hob.XV:27: III. Finale: Presto	Haydn: Piano Trios, Vol. 2	https://open.spotify.com/embed/track/4l6azBCTc584kPCK7VOo6w
Franz Joseph Haydn	Haydn: Cello Concerto No. 2 in D Major, Op. 101, Hob. VIIb:2: II. Adagio	Haydn: Cello Concertos	https://open.spotify.com/embed/track/20SEyo1jCgiYxgAabS9W7U
Franz Joseph Haydn	Mass in D Minor - Missa in angustiis (Nelson Mass), Hob. XXII:11: Credo: Et incarnatus est	Haydn: The Complete Masses; Stabat Mater	https://open.spotify.com/embed/track/1ebwZuP08PWvEIGq4fQZle
Franz Joseph Haydn	Piano Trio No. 39: Piano Trio No. 39: I. Andante	Haydn: Piano Trios	https://open.spotify.com/embed/track/1d0mVkzYmxp822pjE2JVrM
Franz Joseph Haydn	String Quartet in D Major, Op. 71 No. 2: String Quartet in D Major, Op. 71 No. 2: III. Menuetto (Allegro – Trio)	Haydn: String Quartets Op. 71	https://open.spotify.com/embed/track/4VAy0GTOoTqXpPBaYDd3Uq
Franz Joseph Haydn	Symphony No. 85 in B-Flat Major, Hob.I:85, La reine (The Queen): II. Romanza	Haydn: Symphonies, Vol. 5 (Nos. 85, 92, 103)	https://open.spotify.com/embed/track/657juXCR9dQFwOq4e9c1Ls
Franz Joseph Haydn	Die Schöpfung Hob. XXI:2   Erster Teil: 13. Chor mit Soli: Die Himmel erzählen die Ehre Gottes	Haydn: The Creation H.21	https://open.spotify.com/embed/track/7oS0r6JmVmWMDxz3N5Uhxo
Franz Joseph Haydn	Haydn: Symphony No. 96 in D Major, Hob. I/96, Miracle: II. Andante	Haydn: Symphony No.96 in D 'Miracle'	https://open.spotify.com/embed/track/7qcCRaa1QdU5bb1DE14VZ9
Franz Joseph Haydn	Symphony No. 94 in G Major Surprise: II. Andante	Haydn: Symphony Nos. 104 & 94 'Surprise'	https://open.spotify.com/embed/track/3IehhHgOoLAK6h9nJz0vZ6
Franz Joseph Haydn	Fantasia in C Major, Hob. XVII:4: Fantasia in C Major (Capriccio), Hob.XVII:4	Haydn: Piano Sonatas Nos. 17, 19 and 28   Arietta Con 12 Variazioni	https://open.spotify.com/embed/track/0QxUouNig8aqWxcgXOrkUJ
Franz Joseph Haydn	Mass No. 7 in B-Flat Major, Hob.XXII:7, Missa brevis Sancti Joannis de Deo, Kleine Orgelsolomesse (Little Organ Mass): Kyrie	Haydn: Kleine Orgelsolomesse - Theresienmesse	https://open.spotify.com/embed/track/4C4N6OfHzI2gGG2GihiWmu
Franz Joseph Haydn	Die Schöpfung Hob. XXI:2   Erster Teil: Einleitung - Rezitativ und Chor: Im Anfange	Haydn: The Creation H.21	https://open.spotify.com/embed/track/5aNKYrgylkMhI0d51oYkHf
Franz Joseph Haydn	Keyboard Trio No. 24 in D Major, Hob.XV:24: III. Allegro, ma dolce	Haydn: Piano Trios, Vol. 1	https://open.spotify.com/embed/track/6BKiG4kcgRajKUopQBgb2z
Franz Joseph Haydn	Symphony No. 83 in G Minor, Hob.I:83, La poule (The Hen): I. Allegro spiritoso	Haydn: Symphonies, Vol. 2 (Nos. 83, 94, 101)	https://open.spotify.com/embed/track/18KWZxWqMXe4EPvpNqPrHl
Franz Joseph Haydn	Mass No. 5 in E-Flat Major, Hob.XXII:4, Missa in honorem BVM, Missa Sancti Josephi, Grosse Orgelsolomesse: Agnus Dei	Haydn: Grosse Orgelsolomesse - Heiligmesse	https://open.spotify.com/embed/track/3Cw9A1Vr8NGsr5NyHlc7nO
Franz Joseph Haydn	Symphony No. 92 in G Major, Hob. 1:92 Oxford Symphony: II. Adagio cantabile	Haydn: Symphonies Nos. 92, 93, & 97-99	https://open.spotify.com/embed/track/1oStfg4y3wqWl7FK0SQ7yr
Franz Joseph Haydn	The Seven Last Words of Christ, Hob.XX:2: The Seven Last Words of Christ, Hob.XX:2: Sonata II. Fürwahr, ich sag' es dir. Grave e cantabile	Haydn: The Seven Last Words of Christ, Hob.XX:2 (Die sieben letzten Worte unseres Erlösers am Kreuze, Hob.XX:2)	https://open.spotify.com/embed/track/0b5ErGJr4brN0Es73O2BS3
Franz Joseph Haydn	Symphony No. 92 Oxford	Haydn: Oxford & London Symphonies; Mozart: Paris Symphony	https://open.spotify.com/embed/track/0aiRnKWGVpxE4VD07hj2XA
Franz Joseph Haydn	Die Jahreszeiten, Hob. XXI:3 - Der Frühling: 8. Freudenlied mit abwechselndem Chor der Jugend, Oh, wie lieblich ist der Anblick	Haydn: Die Jahreszeiten	https://open.spotify.com/embed/track/3Eq1DQCoKDgM7JzbRQHOB2
Franz Joseph Haydn	Cello Concerto No. 2 in D Major, Hob. VIIb:2: III. Rondo – Allegro	Haydn: Cello Concertos	https://open.spotify.com/embed/track/4ofb3jwDQIrnOudulTLxgR
Franz Joseph Haydn	Concerto for Trumpet and Orchestra, in E-flat Major Hob.VIIe: 1: I. Allegro	Wynton Marsalis: The London Concert	https://open.spotify.com/embed/track/27VuwTyDyyxXY8Cnl2ZUNO
Franz Joseph Haydn	Piano Trio in G Major, Op. 82 No. 2, Hob. XV:25 Gypsy: III. Finale: Rondo all'ongarese	Haydn: Piano Trios, Vol. 1	https://open.spotify.com/embed/track/24bWKvHuyZMD0aJdFwkBGI
Franz Joseph Haydn	Mass No. 10 in C Major, Hob. XXII:9, Paukenmesse: Agnus Dei: Agnus Dei	Haydn, J.: Masses, Vol. 4 - Masses Nos. 8, Mariazellermesse and 10, Paukenmesse	https://open.spotify.com/embed/track/1bq75wU8N637kNKO3xDjv9
Franz Joseph Haydn	String Quartet in E-Flat Major, Op. 71 No. 3 in E Flat Major: String Quartet in E-Flat Major, Op. 71 No. 3: I. Vivace	Haydn: String Quartets Op. 71	https://open.spotify.com/embed/track/00Q1vUaP6pafeNDqHZ8zVa
Franz Joseph Haydn	Symphony No. 82 in C Major, Hob.I:82, L'ours (The Bear): IV. Finale: Vivace	Haydn: Symphonies, Vol. 1 (Nos. 82, 96, 100)	https://open.spotify.com/embed/track/5hOJpQ5zb0L0m7GmdZrIwN
Franz Joseph Haydn	Cello Concerto in C, H.VIIb, No.1: 2. Adagio	Haydn: Cello Concertos	https://open.spotify.com/embed/track/5eCJktM5Xb2wZFsl8KbC1Y
Franz Joseph Haydn	Die Jahreszeiten (The Seasons), Hob.XXI:3: Der Frühling (Spring): Introduction and Recitative: Seht, wie der strenge Winter (Simon, Lukas, Hanne)	Haydn: Jahreszeiten (Die) (The Seasons)	https://open.spotify.com/embed/track/31rSq25KqkGfm1P0JRwLqQ
